Country Name,Code,Year,Deaths - Cause: Diarrheal diseases - Risk: Child growth failure - Sex: Both - Age: Under 5 (Number),Deaths - Cause: Diarrheal diseases - Risk: No access to handwashing facility - Sex: Both - Age: Under 5 (Number),Deaths - Cause: Diarrheal diseases - Risk: Suboptimal breastfeeding - Sex: Both - Age: Under 5 (Number),Deaths - Cause: Diarrheal diseases - Risk: Unsafe water source - Sex: Both - Age: Under 5 (Number),Deaths - Cause: Diarrheal diseases - Risk: Zinc deficiency - Sex: Both - Age: Under 5 (Number),Deaths - Cause: Diarrheal diseases - Risk: Low birth weight - Sex: Both - Age: Under 5 (Number),Deaths - Cause: Diarrheal diseases - Risk: Short gestation - Sex: Both - Age: Under 5 (Number),Deaths - Cause: Diarrheal diseases - Risk: Unsafe sanitation - Sex: Both - Age: Under 5 (Number),Deaths - Cause: Diarrheal diseases - Risk: Vitamin A deficiency - Sex: Both - Age: Under 5 (Number),GDP per capita (US$)
Afghanistan,AFG,2015,4053,1265,1356,4598,69,480,338,3238,314,556.01
Afghanistan,AFG,2016,3952,1227,1316,4483,68,463,327,3142,297,512.01
Afghanistan,AFG,2017,3908,1209,1290,4437,67,461,325,3095,285,516.68
Afghanistan,AFG,2018,3345,1031,1099,3807,55,401,283,2641,238,485.67
Afghanistan,AFG,2019,3139,963,1004,3568,53,368,261,2466,220,494.18
Albania,ALB,2015,1,0,0,1,0,0,0,0,0,"3,952.80"
Albania,ALB,2016,1,0,0,1,0,0,0,0,0,"4,124.06"
Albania,ALB,2017,1,0,0,1,0,0,0,0,0,"4,531.02"
Albania,ALB,2018,1,0,0,1,0,0,0,0,0,"5,287.66"
Albania,ALB,2019,1,0,0,1,0,0,0,0,0,"5,396.22"
Algeria,DZA,2015,229,26,94,174,1,20,16,62,2,"4,177.89"
Algeria,DZA,2016,220,24,91,165,1,19,16,57,2,"3,946.45"
Algeria,DZA,2017,207,23,85,154,1,19,16,52,2,"4,109.70"
Algeria,DZA,2018,197,21,80,143,1,18,15,46,2,"4,142.02"
Algeria,DZA,2019,187,20,75,134,1,18,15,41,1,"3,989.67"
American Samoa,ASM,2015,0,0,0,0,0,0,0,0,0,"12,059.64"
American Samoa,ASM,2016,0,0,0,0,0,0,0,0,0,"12,038.25"
American Samoa,ASM,2017,0,0,0,0,0,0,0,0,0,"11,003.83"
American Samoa,ASM,2018,0,0,0,0,0,0,0,0,0,"11,521.61"
American Samoa,ASM,2019,0,0,0,0,0,0,0,0,0,"11,715.36"
Andorra,AND,2015,0,0,0,0,0,0,0,0,0,"35,770.92"
Andorra,AND,2016,0,0,0,0,0,0,0,0,0,"37,474.75"
Andorra,AND,2017,0,0,0,0,0,0,0,0,0,"38,964.66"
Andorra,AND,2018,0,0,0,0,0,0,0,0,0,"41,793.32"
Andorra,AND,2019,0,0,0,0,0,0,0,0,0,"40,898.42"
Angola,AGO,2015,8114,3493,2153,9357,84,386,304,6177,435,"3,127.89"
Angola,AGO,2016,7222,3116,1924,8343,75,350,278,5435,365,"1,728.02"
Angola,AGO,2017,6700,2895,1789,7758,70,333,268,4975,319,"2,313.22"
Angola,AGO,2018,5737,2480,1541,6648,60,289,234,4195,263,"2,524.94"
Angola,AGO,2019,5275,2279,1414,6112,56,261,213,3810,235,"2,177.80"
Antigua and Barbuda,ATG,2015,0,0,0,0,0,0,0,0,0,"14,285.33"
Antigua and Barbuda,ATG,2016,0,0,0,0,0,0,0,0,0,"15,198.74"
Antigua and Barbuda,ATG,2017,0,0,0,0,0,0,0,0,0,"15,383.58"
Antigua and Barbuda,ATG,2018,0,0,0,0,0,0,0,0,0,"16,679.59"
Antigua and Barbuda,ATG,2019,0,0,0,0,0,0,0,0,0,"17,376.65"
Argentina,ARG,2015,76,6,40,61,0,13,9,16,2,"13,789.06"
Argentina,ARG,2016,72,5,37,56,0,12,8,15,2,"12,790.24"
Argentina,ARG,2017,67,5,34,52,0,11,7,13,2,"14,613.04"
Argentina,ARG,2018,63,5,33,48,0,10,7,12,2,"11,795.16"
Argentina,ARG,2019,61,4,32,46,0,10,7,11,2,"10,076.36"
Armenia,ARM,2015,4,1,2,2,0,1,1,3,0,"3,607.29"
Armenia,ARM,2016,4,0,2,2,0,1,1,3,0,"3,591.83"
Armenia,ARM,2017,4,0,2,2,0,1,1,3,0,"3,914.53"
Armenia,ARM,2018,4,0,2,2,0,1,1,3,0,"4,220.54"
Armenia,ARM,2019,4,0,2,1,0,1,1,2,0,"4,604.65"
Australia,AUS,2015,3,0,1,1,0,0,0,0,0,"56,707.02"
Australia,AUS,2016,3,0,1,1,0,0,0,0,0,"49,881.76"
Australia,AUS,2017,3,0,1,1,0,0,0,0,0,"53,934.25"
Australia,AUS,2018,2,0,1,1,0,0,0,0,0,"57,180.78"
Australia,AUS,2019,2,0,1,1,0,0,0,0,0,"54,875.29"
Austria,AUT,2015,1,0,0,0,0,0,0,0,0,"44,195.82"
Austria,AUT,2016,1,0,1,0,0,0,0,0,0,"45,307.59"
Austria,AUT,2017,1,0,1,0,0,0,0,0,0,"47,429.16"
Austria,AUT,2018,1,0,0,0,0,0,0,0,0,"51,486.58"
Austria,AUT,2019,1,0,0,0,0,0,0,0,0,"50,114.40"
Azerbaijan,AZE,2015,70,6,41,60,0,10,7,51,1,"5,500.31"
Azerbaijan,AZE,2016,68,6,39,57,0,10,7,49,0,"3,880.74"
Azerbaijan,AZE,2017,64,6,37,53,0,9,6,46,0,"4,147.09"
Azerbaijan,AZE,2018,60,5,34,49,0,9,6,42,0,"4,739.84"
Azerbaijan,AZE,2019,56,5,32,45,0,8,6,39,0,"4,805.75"
Bahrain,BHR,2015,1,0,0,1,0,0,0,0,0,"22,634.09"
Bahrain,BHR,2016,1,0,0,1,0,0,0,0,0,"22,608.45"
Bahrain,BHR,2017,1,0,0,0,0,0,0,0,0,"23,742.94"
Bahrain,BHR,2018,1,0,0,0,0,0,0,0,0,"24,086.30"
Bahrain,BHR,2019,1,0,0,0,0,0,0,0,0,"23,552.38"
Bangladesh,BGD,2015,2043,676,399,2131,14,162,103,1452,31,"1,248.45"
Bangladesh,BGD,2016,1898,629,370,1989,13,159,102,1350,27,"1,678.95"
Bangladesh,BGD,2017,1812,601,351,1909,12,161,103,1288,24,"1,839.58"
Bangladesh,BGD,2018,1594,529,309,1690,10,150,97,1131,20,"1,991.48"
Bangladesh,BGD,2019,1394,464,273,1488,8,140,90,988,17,"2,154.23"
Barbados,BRB,2015,0,0,0,0,0,0,0,0,0,"16,558.86"
Barbados,BRB,2016,0,0,0,0,0,0,0,0,0,"16,909.89"
Barbados,BRB,2017,0,0,0,0,0,0,0,0,0,"17,404.21"
Barbados,BRB,2018,0,0,0,0,0,0,0,0,0,"17,782.87"
Barbados,BRB,2019,0,0,0,0,0,0,0,0,0,"18,480.06"
Belarus,BLR,2015,1,0,1,1,0,0,0,1,0,"5,967.05"
Belarus,BLR,2016,1,0,1,1,0,0,0,1,0,"5,039.68"
Belarus,BLR,2017,1,0,1,1,0,0,0,1,0,"5,785.67"
Belarus,BLR,2018,1,0,1,1,0,0,0,1,0,"6,360.06"
Belarus,BLR,2019,1,0,1,1,0,0,0,0,0,"6,837.72"
Belgium,BEL,2015,2,0,1,0,0,0,0,0,0,"41,008.30"
Belgium,BEL,2016,2,0,1,0,0,0,0,0,0,"42,012.62"
Belgium,BEL,2017,2,0,1,0,0,0,0,0,0,"44,198.48"
Belgium,BEL,2018,2,0,1,0,0,0,0,0,0,"47,549.21"
Belgium,BEL,2019,2,0,1,0,0,0,0,0,0,"46,599.11"
Belize,BLZ,2015,3,1,1,4,0,0,0,2,0,"4,805.20"
Belize,BLZ,2016,3,1,1,4,0,0,0,2,0,"4,877.67"
Belize,BLZ,2017,3,1,1,4,0,0,0,1,0,"4,909.60"
Belize,BLZ,2018,2,1,1,3,0,0,0,1,0,"4,927.19"
Belize,BLZ,2019,2,1,1,3,0,0,0,1,0,"4,983.34"
Benin,BEN,2015,3017,1153,613,3022,13,129,95,2297,212,"1,076.80"
Benin,BEN,2016,3041,1162,608,3043,13,130,96,2310,205,"1,087.29"
Benin,BEN,2017,3047,1165,605,3050,13,132,98,2313,196,"1,136.59"
Benin,BEN,2018,2622,1004,526,2629,11,118,88,1991,166,"1,241.83"
Benin,BEN,2019,2428,932,494,2439,10,111,83,1844,152,"1,219.52"
Bermuda,BMU,2015,0,0,0,0,0,0,0,0,0,"102,005.63"
Bermuda,BMU,2016,0,0,0,0,0,0,0,0,0,"106,885.88"
Bermuda,BMU,2017,0,0,0,0,0,0,0,0,0,"111,820.58"
Bermuda,BMU,2018,0,0,0,0,0,0,0,0,0,"113,050.74"
Bermuda,BMU,2019,0,0,0,0,0,0,0,0,0,"116,153.17"
Bhutan,BTN,2015,11,1,3,10,0,1,1,8,0,"2,752.63"
Bhutan,BTN,2016,10,1,2,9,0,1,1,7,0,"2,930.57"
Bhutan,BTN,2017,9,1,2,8,0,1,1,6,0,"3,286.60"
Bhutan,BTN,2018,9,1,2,8,0,1,1,6,0,"3,243.48"
Bhutan,BTN,2019,8,1,2,7,0,1,0,5,0,"3,322.86"
Bolivia,BOL,2015,203,50,59,236,2,9,7,141,6,"3,035.97"
Bolivia,BOL,2016,190,45,54,216,1,9,6,120,5,"3,076.66"
Bolivia,BOL,2017,184,43,53,210,1,8,6,115,5,"3,351.12"
Bolivia,BOL,2018,172,40,49,195,1,8,6,104,4,"3,548.59"
Bolivia,BOL,2019,162,37,46,183,1,7,6,96,4,"3,552.07"
Bosnia and Herzegovina,BIH,2015,1,0,1,1,0,0,0,0,0,"4,729.69"
Bosnia and Herzegovina,BIH,2016,1,0,1,1,0,0,0,0,0,"4,994.97"
Bosnia and Herzegovina,BIH,2017,1,0,1,1,0,0,0,0,0,"5,394.27"
Bosnia and Herzegovina,BIH,2018,1,0,1,1,0,0,0,0,0,"6,070.35"
Bosnia and Herzegovina,BIH,2019,1,0,1,1,0,0,0,0,0,"6,119.76"
Botswana,BWA,2015,175,58,59,172,0,9,8,114,5,"6,402.91"
Botswana,BWA,2016,166,55,56,163,0,8,8,107,5,"6,982.92"
Botswana,BWA,2017,165,54,55,162,0,8,8,106,5,"7,296.09"
Botswana,BWA,2018,156,51,51,151,0,7,7,98,5,"7,503.88"
Botswana,BWA,2019,147,48,48,143,0,7,7,92,4,"7,247.43"
Brazil,BRA,2015,1752,286,909,1590,2,39,31,1038,50,"8,813.99"
Brazil,BRA,2016,1599,258,828,1432,2,36,29,927,44,"8,710.06"
Brazil,BRA,2017,1467,234,759,1297,1,33,27,833,39,"9,928.68"
Brazil,BRA,2018,1378,217,715,1201,1,32,26,767,36,"9,151.38"
Brazil,BRA,2019,1288,201,671,1108,1,30,24,703,33,"8,876.06"
Bulgaria,BGR,2015,5,0,3,3,0,1,0,0,0,"7,074.68"
Bulgaria,BGR,2016,5,0,3,3,0,1,0,0,0,"7,569.48"
Bulgaria,BGR,2017,5,0,3,3,0,0,0,0,0,"8,366.29"
Bulgaria,BGR,2018,4,0,2,2,0,0,0,0,0,"9,446.70"
Bulgaria,BGR,2019,4,0,2,2,0,0,0,0,0,"9,879.27"
Burkina Faso,BFA,2015,7925,2945,1520,7941,19,448,341,6019,427,653.33
Burkina Faso,BFA,2016,8296,3080,1569,8307,20,454,347,6295,437,688.25
Burkina Faso,BFA,2017,8568,3182,1634,8583,21,463,355,6502,443,735.00
Burkina Faso,BFA,2018,8306,3086,1621,8324,20,449,346,6305,424,804.50
Burkina Faso,BFA,2019,7896,2937,1587,7922,19,430,332,5998,398,796.12
Burundi,BDI,2015,5099,2099,564,5498,130,344,257,4094,243,305.51
Burundi,BDI,2016,4629,1919,508,5028,116,343,257,3743,218,251.65
Burundi,BDI,2017,4368,1820,482,4768,107,347,261,3549,202,250.51
Burundi,BDI,2018,4596,1907,495,4995,114,348,263,3717,212,238.03
Burundi,BDI,2019,4493,1868,484,4894,112,348,265,3640,207,223.86
Cambodia,KHM,2015,358,64,86,354,1,29,18,224,13,"1,162.90"
Cambodia,KHM,2016,334,59,80,330,1,27,17,205,12,"1,269.59"
Cambodia,KHM,2017,321,56,77,317,1,27,16,194,11,"1,385.26"
Cambodia,KHM,2018,287,49,69,283,1,24,15,170,9,"1,512.13"
Cambodia,KHM,2019,256,43,62,252,1,21,13,149,8,"1,643.12"
Cameroon,CMR,2015,12078,5089,3158,13679,52,710,615,9692,613,"1,382.51"
Cameroon,CMR,2016,12513,5253,3155,14125,55,689,600,9965,618,"1,413.26"
Cameroon,CMR,2017,12071,5069,3025,13632,53,669,585,9573,580,"1,469.45"
Cameroon,CMR,2018,10952,4600,2772,12373,47,617,544,8646,515,"1,585.24"
Cameroon,CMR,2019,10099,4246,2590,11420,43,577,514,7946,468,"1,533.10"
Canada,CAN,2015,5,0,3,0,0,1,1,0,0,"43,596.14"
Canada,CAN,2016,4,0,3,0,0,1,1,0,0,"42,315.60"
Canada,CAN,2017,4,0,3,0,0,1,1,0,0,"45,129.43"
Canada,CAN,2018,4,0,3,0,0,1,1,0,0,"46,548.64"
Canada,CAN,2019,4,0,3,0,0,1,1,0,0,"46,328.67"
Central African Republic,CAF,2015,4422,1759,1164,4907,53,318,232,3679,365,377.42
Central African Republic,CAF,2016,4519,1802,1201,5026,57,334,244,3769,372,402.19
Central African Republic,CAF,2017,4563,1818,1204,5072,61,335,244,3802,374,450.90
Central African Republic,CAF,2018,4363,1740,1157,4853,61,321,234,3637,357,475.95
Central African Republic,CAF,2019,4245,1695,1136,4727,60,315,230,3542,346,468.12
Chad,TCD,2015,21532,8175,5415,22073,53,1050,816,16709,1574,776.02
Chad,TCD,2016,21641,8219,5449,22196,54,1052,823,16791,1550,693.45
Chad,TCD,2017,21946,8336,5519,22516,56,1064,836,17021,1540,665.95
Chad,TCD,2018,21511,8170,5416,22070,55,1049,819,16673,1484,726.15
Chad,TCD,2019,21288,8084,5358,21837,56,1051,809,16491,1448,709.54
Chile,CHL,2015,4,0,2,3,0,1,1,2,0,"13,495.01"
Chile,CHL,2016,4,0,2,2,0,1,1,1,0,"13,690.91"
Chile,CHL,2017,4,0,2,2,0,1,1,1,0,"14,962.56"
Chile,CHL,2018,3,0,2,2,0,1,1,1,0,"15,772.33"
Chile,CHL,2019,3,0,2,2,0,1,1,1,0,"14,699.46"
China,CHN,2015,1227,155,515,1233,1,77,54,804,16,"8,016.43"
China,CHN,2016,1261,158,538,1263,1,81,57,826,16,"8,094.36"
China,CHN,2017,1236,145,500,1203,1,73,52,768,15,"8,816.99"
China,CHN,2018,1044,115,409,995,1,61,43,616,11,"9,905.34"
China,CHN,2019,933,99,363,875,1,55,39,531,9,"10,143.84"
Colombia,COL,2015,164,31,75,182,1,15,10,45,2,"6,175.88"
Colombia,COL,2016,151,28,69,165,1,14,9,40,1,"5,870.78"
Colombia,COL,2017,146,26,67,158,1,13,9,37,1,"6,376.71"
Colombia,COL,2018,142,25,65,152,1,13,8,35,1,"6,729.58"
Colombia,COL,2019,137,24,63,146,1,12,8,33,1,"6,418.62"
Comoros,COM,2015,93,36,29,94,1,8,6,72,4,"1,242.59"
Comoros,COM,2016,86,33,27,87,1,7,6,67,4,"1,273.05"
Comoros,COM,2017,83,32,25,84,1,7,6,65,3,"1,323.81"
Comoros,COM,2018,73,28,23,74,1,6,5,57,3,"1,428.29"
Comoros,COM,2019,64,25,20,65,1,6,5,50,2,"1,404.43"
Costa Rica,CRI,2015,6,1,3,6,0,0,0,1,0,"11,642.78"
Costa Rica,CRI,2016,7,1,3,5,0,0,0,0,0,"12,011.22"
Costa Rica,CRI,2017,6,1,3,5,0,0,0,0,0,"12,225.57"
Costa Rica,CRI,2018,6,1,2,4,0,0,0,0,0,"12,485.42"
Costa Rica,CRI,2019,5,1,2,4,0,0,0,0,0,"12,762.14"
Cote d'Ivoire,CIV,2015,4614,1820,1023,4976,31,399,311,3515,220,"1,972.55"
Cote d'Ivoire,CIV,2016,4210,1662,932,4548,28,373,292,3197,192,"2,013.38"
Cote d'Ivoire,CIV,2017,3813,1506,853,4124,24,343,269,2886,165,"2,111.03"
Cote d'Ivoire,CIV,2018,3445,1357,777,3719,21,306,241,2589,144,"2,314.05"
Cote d'Ivoire,CIV,2019,3062,1205,704,3306,18,273,217,2290,124,"2,276.33"
Croatia,HRV,2015,1,0,1,1,0,0,0,0,0,"11,933.38"
Croatia,HRV,2016,1,0,1,1,0,0,0,0,0,"12,527.74"
Croatia,HRV,2017,1,0,0,0,0,0,0,0,0,"13,629.29"
Croatia,HRV,2018,1,0,0,0,0,0,0,0,0,"15,227.56"
Croatia,HRV,2019,1,0,0,0,0,0,0,0,0,"15,311.77"
Cuba,CUB,2015,7,1,4,9,0,1,1,3,0,"7,694.01"
Cuba,CUB,2016,6,1,4,8,0,1,1,3,0,"8,060.80"
Cuba,CUB,2017,6,1,3,8,0,1,0,3,0,"8,541.21"
Cuba,CUB,2018,5,1,3,6,0,1,0,2,0,"8,824.19"
Cuba,CUB,2019,4,1,3,6,0,1,0,2,0,"9,125.88"
Cyprus,CYP,2015,0,0,0,0,0,0,0,0,0,"23,408.34"
Cyprus,CYP,2016,0,0,0,0,0,0,0,0,0,"24,605.92"
Cyprus,CYP,2017,0,0,0,0,0,0,0,0,0,"26,608.88"
Cyprus,CYP,2018,0,0,0,0,0,0,0,0,0,"29,334.11"
Cyprus,CYP,2019,0,0,0,0,0,0,0,0,0,"29,206.08"
Denmark,DNK,2015,1,0,1,0,0,0,0,0,0,"53,254.86"
Denmark,DNK,2016,1,0,1,0,0,0,0,0,0,"54,664.00"
Denmark,DNK,2017,1,0,1,0,0,0,0,0,0,"57,610.10"
Denmark,DNK,2018,1,0,1,0,0,0,0,0,0,"61,591.93"
Denmark,DNK,2019,1,0,1,0,0,0,0,0,0,"59,775.74"
Djibouti,DJI,2015,118,44,34,116,1,7,6,84,4,"2,652.51"
Djibouti,DJI,2016,121,45,33,119,1,7,6,85,4,"2,803.69"
Djibouti,DJI,2017,118,43,32,116,1,7,6,83,4,"2,926.15"
Djibouti,DJI,2018,107,39,29,105,1,6,5,75,3,"3,038.27"
Djibouti,DJI,2019,99,36,27,97,1,6,5,68,3,"3,172.75"
Dominica,DMA,2015,0,0,0,0,0,0,0,0,0,"7,597.29"
Dominica,DMA,2016,0,0,0,0,0,0,0,0,0,"8,080.97"
Dominica,DMA,2017,0,0,0,0,0,0,0,0,0,"7,298.51"
Dominica,DMA,2018,0,0,0,0,0,0,0,0,0,"7,745.38"
Dominica,DMA,2019,0,0,0,0,0,0,0,0,0,"8,516.28"
Dominican Republic,DOM,2015,166,69,102,227,1,21,14,89,2,"6,921.52"
Dominican Republic,DOM,2016,167,70,103,230,1,21,14,87,2,"7,280.88"
Dominican Republic,DOM,2017,151,62,93,208,1,20,13,75,2,"7,609.35"
Dominican Republic,DOM,2018,146,60,89,201,1,19,13,71,2,"8,050.64"
Dominican Republic,DOM,2019,141,58,86,196,1,19,13,67,2,"8,282.12"
Ecuador,ECU,2015,71,13,24,69,1,5,3,27,1,"6,124.49"
Ecuador,ECU,2016,66,12,22,64,1,5,3,24,1,"6,060.09"
Ecuador,ECU,2017,65,12,22,63,1,5,3,23,1,"6,213.50"
Ecuador,ECU,2018,64,12,21,62,1,5,3,22,1,"6,295.93"
Ecuador,ECU,2019,65,12,22,62,1,5,3,22,1,"6,222.52"
El Salvador,SLV,2015,43,11,18,54,0,3,2,34,1,"3,705.58"
El Salvador,SLV,2016,41,10,18,51,0,3,2,32,1,"3,806.00"
El Salvador,SLV,2017,40,10,17,50,0,3,2,31,1,"3,910.25"
El Salvador,SLV,2018,38,9,16,47,0,2,2,28,1,"4,052.62"
El Salvador,SLV,2019,36,9,16,45,0,2,1,27,1,"4,167.73"
Equatorial Guinea,GNQ,2015,33,13,12,36,0,3,2,15,0,"11,283.40"
Equatorial Guinea,GNQ,2016,31,12,11,33,0,2,2,13,0,"9,250.32"
Equatorial Guinea,GNQ,2017,30,12,11,32,0,2,2,12,0,"9,667.86"
Equatorial Guinea,GNQ,2018,29,11,10,31,0,2,2,11,0,"10,005.62"
Equatorial Guinea,GNQ,2019,28,11,10,29,0,2,2,10,0,"8,380.74"
Estonia,EST,2015,0,0,0,0,0,0,0,0,0,"17,402.04"
Estonia,EST,2016,0,0,0,0,0,0,0,0,0,"18,295.34"
Estonia,EST,2017,0,0,0,0,0,0,0,0,0,"20,437.77"
Estonia,EST,2018,0,0,0,0,0,0,0,0,0,"23,063.56"
Estonia,EST,2019,0,0,0,0,0,0,0,0,0,"23,397.88"
Eswatini,SWZ,2015,137,59,66,193,0,8,8,135,6,"3,680.35"
Eswatini,SWZ,2016,129,55,62,182,0,7,7,126,5,"3,425.53"
Eswatini,SWZ,2017,126,54,60,178,0,7,7,123,5,"3,914.42"
Eswatini,SWZ,2018,118,50,56,167,0,7,6,115,5,"4,107.09"
Eswatini,SWZ,2019,112,47,53,158,0,6,6,108,4,"3,889.85"
Ethiopia,ETH,2015,24236,10067,3955,25857,59,2015,1538,20115,1530,640.54
Ethiopia,ETH,2016,23334,9725,3813,24963,56,1986,1526,19431,1409,717.12
Ethiopia,ETH,2017,23814,9884,3684,25354,58,1918,1484,19745,1372,768.52
Ethiopia,ETH,2018,22222,9224,3329,23630,54,1770,1376,18412,1236,771.52
Ethiopia,ETH,2019,20133,8384,3000,21462,47,1645,1286,16724,1082,855.76
Fiji,FJI,2015,23,2,4,19,0,1,1,9,1,"5,390.71"
Fiji,FJI,2016,22,1,4,18,0,1,1,8,1,"5,651.27"
Fiji,FJI,2017,21,1,4,17,0,1,1,8,0,"6,101.02"
Fiji,FJI,2018,20,1,3,17,0,1,1,7,0,"6,317.41"
Fiji,FJI,2019,19,1,3,16,0,1,1,7,0,"6,175.89"
Finland,FIN,2015,0,0,0,0,0,0,0,0,0,"42,801.91"
Finland,FIN,2016,0,0,0,0,0,0,0,0,0,"43,814.03"
Finland,FIN,2017,0,0,0,0,0,0,0,0,0,"46,412.14"
Finland,FIN,2018,0,0,0,0,0,0,0,0,0,"49,988.91"
Finland,FIN,2019,0,0,0,0,0,0,0,0,0,"48,628.64"
France,FRA,2015,8,0,5,1,0,2,1,0,0,"36,652.92"
France,FRA,2016,8,0,5,1,0,2,1,0,0,"37,062.53"
France,FRA,2017,7,0,4,1,0,2,1,0,0,"38,781.05"
France,FRA,2018,7,0,4,1,0,1,1,0,0,"41,592.80"
France,FRA,2019,7,0,4,1,0,1,1,0,0,"40,578.64"
Gabon,GAB,2015,83,32,36,91,0,7,6,63,1,"7,384.70"
Gabon,GAB,2016,78,30,33,85,0,7,6,58,1,"6,984.42"
Gabon,GAB,2017,75,28,32,81,0,7,6,55,1,"7,230.43"
Gabon,GAB,2018,66,25,28,71,0,6,5,48,1,"7,959.01"
Gabon,GAB,2019,61,23,26,65,0,5,5,43,1,"7,767.00"
Georgia,GEO,2015,5,0,3,4,0,1,1,4,0,"4,014.19"
Georgia,GEO,2016,5,0,3,4,0,1,1,3,0,"4,062.17"
Georgia,GEO,2017,4,0,2,4,0,1,1,3,0,"4,357.00"
Georgia,GEO,2018,4,0,2,3,0,1,1,3,0,"4,722.04"
Georgia,GEO,2019,4,0,2,3,0,1,0,2,0,"4,696.15"
Germany,DEU,2015,4,0,3,0,0,2,1,0,0,"41,103.26"
Germany,DEU,2016,4,0,3,0,0,2,1,0,0,"42,136.12"
Germany,DEU,2017,3,0,3,0,0,2,1,0,0,"44,652.59"
Germany,DEU,2018,3,0,3,0,0,1,1,0,0,"47,973.61"
Germany,DEU,2019,3,0,2,0,0,1,1,0,0,"46,794.90"
Ghana,GHA,2015,2848,1164,572,3079,10,164,122,2128,138,"1,774.07"
Ghana,GHA,2016,2799,1145,547,3029,10,156,117,2075,129,"1,971.96"
Ghana,GHA,2017,2790,1142,540,3022,10,153,115,2051,123,"2,074.29"
Ghana,GHA,2018,2328,958,457,2535,8,136,103,1708,99,"2,260.86"
Ghana,GHA,2019,2103,867,416,2294,7,127,97,1536,87,"2,246.63"
Greece,GRC,2015,1,0,0,0,0,0,0,0,0,"18,083.88"
Greece,GRC,2016,1,0,1,0,0,0,0,0,0,"17,923.97"
Greece,GRC,2017,0,0,0,0,0,0,0,0,0,"18,582.09"
Greece,GRC,2018,0,0,0,0,0,0,0,0,0,"19,756.99"
Greece,GRC,2019,0,0,0,0,0,0,0,0,0,"19,133.76"
Greenland,GRL,2015,0,0,0,0,0,0,0,0,0,"44,536.40"
Greenland,GRL,2016,0,0,0,0,0,0,0,0,0,"48,181.87"
Greenland,GRL,2017,0,0,0,0,0,0,0,0,0,"50,766.60"
Greenland,GRL,2018,0,0,0,0,0,0,0,0,0,"54,545.30"
Greenland,GRL,2019,0,0,0,0,0,0,0,0,0,"53,256.24"
Grenada,GRD,2015,0,0,0,0,0,0,0,0,0,"9,096.54"
Grenada,GRD,2016,0,0,0,0,0,0,0,0,0,"9,628.26"
Grenada,GRD,2017,0,0,0,0,0,0,0,0,0,"10,152.83"
Grenada,GRD,2018,0,0,0,0,0,0,0,0,0,"10,466.88"
Grenada,GRD,2019,0,0,0,0,0,0,0,0,0,"10,834.50"
Guam,GUM,2015,0,0,0,0,0,0,0,0,0,"35,829.25"
Guam,GUM,2016,0,0,0,0,0,0,0,0,0,"36,214.01"
Guam,GUM,2017,0,0,0,0,0,0,0,0,0,"36,601.92"
Guam,GUM,2018,0,0,0,0,0,0,0,0,0,"36,556.67"
Guam,GUM,2019,0,0,0,0,0,0,0,0,0,"38,040.59"
Guatemala,GTM,2015,842,160,190,903,6,15,9,555,16,"3,994.64"
Guatemala,GTM,2016,810,151,183,863,6,14,9,526,15,"4,173.30"
Guatemala,GTM,2017,743,136,168,786,5,13,8,473,14,"4,454.05"
Guatemala,GTM,2018,694,125,157,729,5,12,8,433,13,"4,478.42"
Guatemala,GTM,2019,648,116,147,677,4,11,7,396,12,"4,638.63"
Guinea,GIN,2015,2668,1092,622,2927,14,169,128,2068,169,769.26
Guinea,GIN,2016,2691,1099,621,2949,14,166,126,2079,166,732.29
Guinea,GIN,2017,2672,1091,613,2927,14,162,123,2057,160,855.58
Guinea,GIN,2018,2455,1001,561,2687,12,148,112,1883,144,955.11
Guinea,GIN,2019,2204,901,508,2417,11,136,104,1691,126,"1,052.59"
Guinea-Bissau,GNB,2015,711,290,124,779,4,50,38,566,47,603.40
Guinea-Bissau,GNB,2016,719,292,122,785,4,48,36,569,47,661.46
Guinea-Bissau,GNB,2017,669,272,114,733,4,46,35,530,42,738.55
Guinea-Bissau,GNB,2018,557,228,98,613,3,42,32,442,34,802.77
Guinea-Bissau,GNB,2019,507,208,91,560,3,39,30,403,31,749.45
Guyana,GUY,2015,15,4,6,16,0,2,1,8,0,"5,576.83"
Guyana,GUY,2016,14,4,5,15,0,2,1,7,0,"5,811.40"
Guyana,GUY,2017,13,4,5,15,0,2,1,6,0,"6,124.95"
Guyana,GUY,2018,13,4,5,14,0,2,1,6,0,"6,145.82"
Guyana,GUY,2019,13,4,5,14,0,1,1,6,0,"6,609.51"
Haiti,HTI,2015,2548,1043,919,3109,48,360,233,2224,89,"1,386.85"
Haiti,HTI,2016,2743,1120,990,3342,52,383,248,2385,94,"1,290.38"
Haiti,HTI,2017,2399,984,869,2942,46,349,228,2095,80,"1,369.06"
Haiti,HTI,2018,2274,931,827,2786,44,331,216,1979,74,"1,479.35"
Haiti,HTI,2019,2174,889,794,2664,41,315,206,1887,70,"1,312.77"
Honduras,HND,2015,311,51,147,379,1,40,25,236,5,"2,302.20"
Honduras,HND,2016,300,48,141,362,1,38,24,224,5,"2,342.58"
Honduras,HND,2017,292,46,137,349,1,38,24,214,5,"2,453.73"
Honduras,HND,2018,278,43,130,330,1,36,23,201,4,"2,510.32"
Honduras,HND,2019,266,40,124,314,1,35,22,190,4,"2,574.36"
Hungary,HUN,2015,3,0,2,1,0,0,0,1,0,"12,720.71"
Hungary,HUN,2016,3,0,1,1,0,0,0,1,0,"13,107.38"
Hungary,HUN,2017,2,0,1,1,0,0,0,1,0,"14,623.70"
Hungary,HUN,2018,2,0,1,1,0,0,0,0,0,"16,427.37"
Hungary,HUN,2019,2,0,1,1,0,0,0,0,0,"16,735.66"
Iceland,ISL,2015,0,0,0,0,0,0,0,0,0,"52,951.68"
Iceland,ISL,2016,0,0,0,0,0,0,0,0,0,"61,987.93"
Iceland,ISL,2017,0,0,0,0,0,0,0,0,0,"72,010.15"
Iceland,ISL,2018,0,0,0,0,0,0,0,0,0,"74,469.80"
Iceland,ISL,2019,0,0,0,0,0,0,0,0,0,"68,941.46"
India,IND,2015,66283,18546,16961,70731,716,12514,7460,48358,2346,"1,605.61"
India,IND,2016,56145,15557,14413,59857,552,10721,6425,39811,1833,"1,732.55"
India,IND,2017,53100,14666,13462,56646,480,10225,6167,36439,1627,"1,980.67"
India,IND,2018,47126,12836,11629,49988,401,8926,5402,30680,1378,"1,998.26"
India,IND,2019,42897,11498,10277,45187,347,7901,4796,26180,1199,"2,072.24"
Indonesia,IDN,2015,9790,1594,3029,9553,45,895,570,3926,274,"3,331.70"
Indonesia,IDN,2016,8725,1399,2677,8493,38,796,509,3368,231,"3,562.82"
Indonesia,IDN,2017,8298,1308,2522,8058,34,754,485,3082,208,"3,837.58"
Indonesia,IDN,2018,7719,1189,2277,7460,32,679,441,2743,186,"3,893.86"
Indonesia,IDN,2019,7150,1079,2071,6889,29,623,408,2442,166,"4,135.23"
Iraq,IRQ,2015,374,28,149,370,6,103,78,154,4,"4,688.32"
Iraq,IRQ,2016,323,23,127,316,5,89,68,125,3,"4,550.66"
Iraq,IRQ,2017,303,22,119,294,4,83,64,110,3,"4,985.45"
Iraq,IRQ,2018,269,19,106,258,4,73,57,90,2,"5,915.85"
Iraq,IRQ,2019,244,17,96,232,3,67,52,77,2,"5,943.46"
Ireland,IRL,2015,1,0,1,0,0,0,0,0,0,"62,012.48"
Ireland,IRL,2016,1,0,1,0,0,0,0,0,0,"62,861.64"
Ireland,IRL,2017,1,0,0,0,0,0,0,0,0,"69,774.03"
Ireland,IRL,2018,1,0,0,0,0,0,0,0,0,"79,107.60"
Ireland,IRL,2019,1,0,0,0,0,0,0,0,0,"80,886.62"
Israel,ISR,2015,3,0,2,0,0,1,0,0,0,"35,808.44"
Israel,ISR,2016,3,0,2,0,0,1,0,0,0,"37,330.26"
Israel,ISR,2017,3,0,2,0,0,0,0,0,0,"40,774.13"
Israel,ISR,2018,3,0,2,0,0,0,0,0,0,"42,063.45"
Israel,ISR,2019,2,0,1,0,0,0,0,0,0,"43,951.25"
Italy,ITA,2015,5,0,3,1,0,1,1,0,0,"30,242.39"
Italy,ITA,2016,5,0,3,0,0,1,1,0,0,"30,960.73"
Italy,ITA,2017,4,0,3,0,0,1,1,0,0,"32,406.72"
Italy,ITA,2018,3,0,3,0,0,1,1,0,0,"34,622.17"
Italy,ITA,2019,3,0,2,0,0,1,1,0,0,"33,673.48"
Jamaica,JAM,2015,4,1,2,6,0,2,1,3,0,"4,907.93"
Jamaica,JAM,2016,4,1,2,6,0,1,1,3,0,"4,843.75"
Jamaica,JAM,2017,4,1,2,5,0,1,1,3,0,"5,070.10"
Jamaica,JAM,2018,3,1,2,5,0,1,1,2,0,"5,359.99"
Jamaica,JAM,2019,3,1,2,5,0,1,1,2,0,"5,369.50"
Japan,JPN,2015,23,1,8,6,0,2,1,1,0,"34,960.64"
Japan,JPN,2016,22,1,7,5,0,2,1,1,0,"39,375.47"
Japan,JPN,2017,20,1,7,5,0,2,1,1,0,"38,834.05"
Japan,JPN,2018,19,1,6,5,0,2,1,1,0,"39,727.12"
Japan,JPN,2019,18,1,6,4,0,1,1,1,0,"40,458.00"
Jordan,JOR,2015,22,2,10,15,0,3,3,3,0,"4,164.11"
Jordan,JOR,2016,22,2,11,15,0,3,3,3,0,"4,175.36"
Jordan,JOR,2017,22,2,11,15,0,3,3,3,0,"4,231.52"
Jordan,JOR,2018,21,2,10,15,0,3,3,2,0,"4,308.15"
Jordan,JOR,2019,21,2,10,14,0,3,3,2,0,"4,405.49"
Kazakhstan,KAZ,2015,33,3,13,27,0,3,2,23,1,"10,510.77"
Kazakhstan,KAZ,2016,31,3,12,25,0,3,2,21,1,"7,714.84"
Kazakhstan,KAZ,2017,28,2,11,22,0,3,2,18,1,"9,247.58"
Kazakhstan,KAZ,2018,28,2,11,22,0,3,2,18,1,"9,812.63"
Kazakhstan,KAZ,2019,26,2,10,20,0,3,2,17,1,"9,812.60"
Kenya,KEN,2015,7378,3599,2164,9211,27,1342,1110,6852,623,"1,464.55"
Kenya,KEN,2016,6491,3191,1995,8163,23,1242,1029,6065,536,"1,525.24"
Kenya,KEN,2017,6088,2982,1904,7627,22,1152,958,5649,494,"1,633.49"
Kenya,KEN,2018,5599,2749,1817,7028,21,1082,901,5217,448,"1,794.09"
Kenya,KEN,2019,5202,2564,1753,6552,19,1030,860,4864,410,"1,909.30"
Kiribati,KIR,2015,8,1,1,8,0,0,0,5,1,"1,535.16"
Kiribati,KIR,2016,7,1,1,7,0,0,0,5,1,"1,586.34"
Kiribati,KIR,2017,7,1,1,7,0,0,0,5,0,"1,648.59"
Kiribati,KIR,2018,7,1,1,7,0,0,0,4,0,"1,693.95"
Kiribati,KIR,2019,6,1,1,6,0,0,0,4,0,"1,512.95"
Kuwait,KWT,2015,2,0,1,1,0,0,0,0,0,"29,869.55"
Kuwait,KWT,2016,2,0,1,1,0,0,0,0,0,"27,653.16"
Kuwait,KWT,2017,2,0,1,1,0,0,0,0,0,"29,759.47"
Kuwait,KWT,2018,2,0,1,1,0,0,0,0,0,"33,399.06"
Kuwait,KWT,2019,2,0,1,1,0,0,0,0,0,"32,373.25"
Latvia,LVA,2015,0,0,0,0,0,0,0,0,0,"13,786.46"
Latvia,LVA,2016,0,0,0,0,0,0,0,0,0,"14,331.75"
Latvia,LVA,2017,0,0,0,0,0,0,0,0,0,"15,695.12"
Latvia,LVA,2018,0,0,0,0,0,0,0,0,0,"17,865.03"
Latvia,LVA,2019,0,0,0,0,0,0,0,0,0,"17,926.84"
Lebanon,LBN,2015,13,2,5,13,0,2,1,1,0,"7,643.01"
Lebanon,LBN,2016,12,1,5,12,0,2,1,1,0,"7,617.69"
Lebanon,LBN,2017,11,1,5,11,0,1,1,1,0,"7,776.03"
Lebanon,LBN,2018,10,1,4,10,0,1,1,1,0,"8,003.83"
Lebanon,LBN,2019,10,1,4,9,0,1,1,0,0,"7,527.44"
Lesotho,LSO,2015,333,141,97,359,0,19,17,265,19,"1,146.06"
Lesotho,LSO,2016,320,136,91,346,0,19,17,255,18,"1,018.78"
Lesotho,LSO,2017,300,127,84,324,0,17,15,238,16,"1,102.63"
Lesotho,LSO,2018,289,122,79,311,0,16,14,229,15,"1,192.48"
Lesotho,LSO,2019,278,118,76,300,0,15,14,220,14,"1,153.39"
Liberia,LBR,2015,1586,688,340,1784,22,96,76,1239,65,721.58
Liberia,LBR,2016,1416,616,301,1596,19,87,69,1105,56,740.91
Liberia,LBR,2017,1255,548,267,1420,17,81,64,979,48,721.09
Liberia,LBR,2018,1108,485,237,1256,15,73,58,864,41,710.27
Liberia,LBR,2019,1044,456,223,1182,14,67,53,812,38,672.34
Libya,LBY,2015,12,1,4,9,0,1,1,3,0,"7,590.44"
Libya,LBY,2016,12,1,4,9,0,1,1,3,0,"7,687.88"
Libya,LBY,2017,12,1,3,9,0,1,1,3,0,"10,205.32"
Libya,LBY,2018,11,1,3,9,0,1,1,3,0,"11,482.13"
Libya,LBY,2019,11,1,3,8,0,1,1,3,0,"10,218.04"
Lithuania,LTU,2015,1,0,1,1,0,0,0,0,0,"14,263.96"
Lithuania,LTU,2016,1,0,1,1,0,0,0,0,0,"15,008.31"
Lithuania,LTU,2017,1,0,1,1,0,0,0,0,0,"16,885.41"
Lithuania,LTU,2018,1,0,0,0,0,0,0,0,0,"19,186.18"
Lithuania,LTU,2019,1,0,0,0,0,0,0,0,0,"19,575.77"
Luxembourg,LUX,2015,0,0,0,0,0,0,0,0,0,"105,462.01"
Luxembourg,LUX,2016,0,0,0,0,0,0,0,0,0,"106,899.29"
Luxembourg,LUX,2017,0,0,0,0,0,0,0,0,0,"110,193.21"
Luxembourg,LUX,2018,0,0,0,0,0,0,0,0,0,"117,254.74"
Luxembourg,LUX,2019,0,0,0,0,0,0,0,0,0,"113,218.71"
Madagascar,MDG,2015,11305,4464,2333,11819,60,1016,791,9145,647,467.24
Madagascar,MDG,2016,10642,4217,2192,11158,56,979,765,8632,589,475.96
Madagascar,MDG,2017,10338,4103,2099,10848,54,950,744,8390,553,515.29
Madagascar,MDG,2018,9593,3818,1943,10088,50,894,702,7798,500,518.40
Madagascar,MDG,2019,8899,3556,1818,9395,45,855,673,7260,454,526.22
Malawi,MWI,2015,2431,1117,458,2920,11,164,132,2167,144,380.60
Malawi,MWI,2016,2289,1059,449,2766,10,169,135,2052,132,315.78
Malawi,MWI,2017,2207,1026,439,2681,10,175,141,1988,125,506.14
Malawi,MWI,2018,2052,954,397,2490,9,156,126,1845,115,544.59
Malawi,MWI,2019,1877,875,365,2283,8,146,119,1691,104,591.85
Malaysia,MYS,2015,49,2,13,33,0,3,2,4,0,"9,955.24"
Malaysia,MYS,2016,42,2,12,28,0,3,2,4,0,"9,817.79"
Malaysia,MYS,2017,41,2,12,28,0,3,2,3,0,"10,259.30"
Malaysia,MYS,2018,41,2,12,28,0,3,2,3,0,"11,380.08"
Malaysia,MYS,2019,41,2,12,27,0,3,2,3,0,"11,432.83"
Maldives,MDV,2015,2,0,1,2,0,0,0,1,0,"9,033.41"
Maldives,MDV,2016,2,0,1,2,0,0,0,1,0,"9,209.44"
Maldives,MDV,2017,2,0,0,2,0,0,0,1,0,"9,577.35"
Maldives,MDV,2018,2,0,0,2,0,0,0,1,0,"10,279.08"
Maldives,MDV,2019,2,0,0,2,0,0,0,1,0,"10,561.61"
Mali,MLI,2015,5091,2008,1152,5407,10,446,338,4016,345,751.47
Mali,MLI,2016,5622,2197,1221,5919,11,443,336,4395,378,780.72
Mali,MLI,2017,5744,2238,1233,6029,12,438,331,4475,383,830.02
Mali,MLI,2018,5500,2144,1195,5776,11,423,320,4286,360,894.80
Mali,MLI,2019,5271,2058,1160,5542,11,410,311,4112,340,879.04
Malta,MLT,2015,0,0,0,0,0,0,0,0,0,"24,921.60"
Malta,MLT,2016,0,0,0,0,0,0,0,0,0,"25,624.54"
Malta,MLT,2017,0,0,0,0,0,0,0,0,0,"28,857.02"
Malta,MLT,2018,0,0,0,0,0,0,0,0,0,"31,573.12"
Malta,MLT,2019,0,0,0,0,0,0,0,0,0,"31,185.65"
Marshall Islands,MHL,2015,1,0,0,1,0,0,0,0,0,"3,199.89"
Marshall Islands,MHL,2016,1,0,0,1,0,0,0,0,0,"3,491.00"
Marshall Islands,MHL,2017,1,0,0,1,0,0,0,0,0,"3,672.58"
Marshall Islands,MHL,2018,1,0,0,1,0,0,0,0,0,"3,793.55"
Marshall Islands,MHL,2019,1,0,0,1,0,0,0,0,0,"4,073.11"
Mauritania,MRT,2015,970,354,226,1021,2,86,70,750,28,"1,524.07"
Mauritania,MRT,2016,874,320,205,924,2,82,67,677,25,"1,536.86"
Mauritania,MRT,2017,812,298,192,862,2,79,65,630,23,"1,587.86"
Mauritania,MRT,2018,694,255,166,739,1,71,59,538,19,"1,669.77"
Mauritania,MRT,2019,644,236,154,685,1,65,55,498,17,"1,743.30"
Mauritius,MUS,2015,3,0,1,1,0,0,0,0,0,"9,260.45"
Mauritius,MUS,2016,3,0,1,1,0,0,0,0,0,"9,681.62"
Mauritius,MUS,2017,3,0,1,1,0,0,0,0,0,"10,484.91"
Mauritius,MUS,2018,3,0,1,1,0,0,0,0,0,"11,208.34"
Mauritius,MUS,2019,3,0,1,1,0,0,0,0,0,"11,097.17"
Mexico,MEX,2015,790,107,334,639,2,44,28,291,23,"9,616.65"
Mexico,MEX,2016,732,98,305,583,2,37,23,262,21,"8,744.52"
Mexico,MEX,2017,668,88,277,525,1,32,20,232,18,"9,287.85"
Mexico,MEX,2018,657,86,274,510,1,33,21,219,17,"9,686.98"
Mexico,MEX,2019,627,82,263,481,1,32,21,202,16,"9,950.22"
Moldova,MDA,2015,2,0,2,3,0,1,1,2,0,"2,732.46"
Moldova,MDA,2016,2,0,1,3,0,1,1,2,0,"2,880.44"
Moldova,MDA,2017,2,0,1,2,0,1,1,2,0,"3,509.69"
Moldova,MDA,2018,1,0,1,2,0,1,1,2,0,"4,230.63"
Moldova,MDA,2019,1,0,1,2,0,1,0,2,0,"4,492.11"
Monaco,MCO,2015,0,0,0,0,0,0,0,0,0,"165,989.51"
Monaco,MCO,2016,0,0,0,0,0,0,0,0,0,"170,028.66"
Monaco,MCO,2017,0,0,0,0,0,0,0,0,0,"167,517.06"
Monaco,MCO,2018,0,0,0,0,0,0,0,0,0,"185,978.61"
Monaco,MCO,2019,0,0,0,0,0,0,0,0,0,"189,487.15"
Mongolia,MNG,2015,34,8,13,42,0,3,2,34,0,"3,875.32"
Mongolia,MNG,2016,32,8,12,40,0,3,2,32,0,"3,658.39"
Mongolia,MNG,2017,33,7,12,40,0,3,2,32,0,"3,687.10"
Mongolia,MNG,2018,30,7,11,37,0,3,2,30,0,"4,156.85"
Mongolia,MNG,2019,27,6,10,33,0,2,2,27,0,"4,404.85"
Montenegro,MNE,2015,0,0,0,0,0,0,0,0,0,"6,517.19"
Montenegro,MNE,2016,0,0,0,0,0,0,0,0,0,"7,033.44"
Montenegro,MNE,2017,0,0,0,0,0,0,0,0,0,"7,803.36"
Montenegro,MNE,2018,0,0,0,0,0,0,0,0,0,"8,850.38"
Montenegro,MNE,2019,0,0,0,0,0,0,0,0,0,"8,909.89"
Morocco,MAR,2015,1070,195,407,1077,3,109,79,396,21,"2,875.26"
Morocco,MAR,2016,967,172,365,966,2,99,72,342,18,"2,896.72"
Morocco,MAR,2017,878,153,331,872,2,91,67,297,16,"3,035.45"
Morocco,MAR,2018,768,130,289,755,2,80,60,246,13,"3,226.98"
Morocco,MAR,2019,662,110,254,648,2,73,55,203,11,"3,235.00"
Mozambique,MOZ,2015,3972,1686,1153,4521,36,179,136,3382,262,589.86
Mozambique,MOZ,2016,3638,1549,1064,4152,32,166,127,3105,233,428.93
Mozambique,MOZ,2017,3416,1459,1016,3910,28,160,124,2920,211,461.41
Mozambique,MOZ,2018,3117,1335,928,3573,25,146,113,2666,188,503.30
Mozambique,MOZ,2019,3179,1361,915,3643,27,139,108,2716,190,506.82
Myanmar,MMR,2015,1989,450,638,2116,5,137,84,1355,51,"1,196.74"
Myanmar,MMR,2016,1868,418,589,1982,5,123,76,1252,46,"1,136.61"
Myanmar,MMR,2017,1713,382,545,1828,4,119,74,1139,40,"1,151.11"
Myanmar,MMR,2018,1495,332,483,1604,3,111,70,984,34,"1,250.17"
Myanmar,MMR,2019,1369,301,446,1470,3,102,64,889,30,"1,271.11"
Namibia,NAM,2015,180,51,63,182,0,9,8,120,4,"4,896.62"
Namibia,NAM,2016,170,48,60,172,0,8,7,112,3,"4,546.99"
Namibia,NAM,2017,167,47,59,168,0,8,7,108,3,"5,367.11"
Namibia,NAM,2018,161,44,56,161,0,7,7,103,3,"5,588.39"
Namibia,NAM,2019,150,41,52,150,0,7,6,95,3,"5,028.30"
Nauru,NRU,2015,0,0,0,0,0,0,0,0,0,"8,341.01"
Nauru,NRU,2016,0,0,0,0,0,0,0,0,0,"9,521.04"
Nauru,NRU,2017,0,0,0,0,0,0,0,0,0,"10,339.39"
Nauru,NRU,2018,0,0,0,0,0,0,0,0,0,"11,614.67"
Nauru,NRU,2019,0,0,0,0,0,0,0,0,0,"11,029.74"
Nepal,NPL,2015,828,216,164,968,2,133,85,582,13,901.75
Nepal,NPL,2016,724,185,142,847,2,118,76,501,11,899.52
Nepal,NPL,2017,678,171,132,795,2,113,74,463,10,"1,048.45"
Nepal,NPL,2018,558,139,111,659,1,99,65,378,8,"1,178.53"
Nepal,NPL,2019,504,123,100,595,1,89,58,337,7,"1,194.96"
Netherlands,NLD,2015,1,0,1,0,0,0,0,0,0,"45,193.40"
Netherlands,NLD,2016,1,0,1,0,0,0,0,0,0,"46,039.11"
Netherlands,NLD,2017,1,0,1,0,0,0,0,0,0,"48,675.22"
Netherlands,NLD,2018,1,0,1,0,0,0,0,0,0,"53,044.53"
Netherlands,NLD,2019,1,0,1,0,0,0,0,0,0,"52,476.27"
New Zealand,NZL,2015,2,0,1,1,0,0,0,0,0,"38,630.73"
New Zealand,NZL,2016,1,0,1,0,0,0,0,0,0,"40,058.20"
New Zealand,NZL,2017,1,0,1,0,0,0,0,0,0,"42,925.00"
New Zealand,NZL,2018,1,0,1,0,0,0,0,0,0,"43,250.44"
New Zealand,NZL,2019,1,0,1,0,0,0,0,0,0,"42,865.23"
Nicaragua,NIC,2015,67,15,31,82,0,3,2,54,0,"2,049.85"
Nicaragua,NIC,2016,65,14,29,79,0,3,2,51,0,"2,107.57"
Nicaragua,NIC,2017,63,14,28,76,0,3,2,49,0,"2,159.16"
Nicaragua,NIC,2018,59,13,26,71,0,3,2,45,0,"2,014.58"
Nicaragua,NIC,2019,55,12,25,66,0,2,2,41,0,"1,924.47"
Niger,NER,2015,21027,7457,3833,20612,82,887,693,15870,1929,484.15
Niger,NER,2016,21624,7665,3959,21191,85,899,702,16311,1961,500.21
Niger,NER,2017,22084,7833,4083,21662,88,928,726,16667,1976,517.77
Niger,NER,2018,20743,7382,3951,20414,82,932,730,15703,1843,570.72
Niger,NER,2019,20086,7159,3881,19794,80,918,722,15219,1773,554.10
Nigeria,NGA,2015,132520,49319,32812,133138,498,5346,4047,91031,2813,"2,687.48"
Nigeria,NGA,2016,130048,48272,30818,130276,498,5004,3798,88263,2603,"2,176.00"
Nigeria,NGA,2017,128060,47550,29780,128291,495,4899,3732,86141,2422,"1,968.57"
Nigeria,NGA,2018,120906,44934,28202,121176,467,4643,3545,80764,2230,"2,027.78"
Nigeria,NGA,2019,114803,42733,27099,115247,444,4470,3419,76445,2084,"2,229.86"
North Macedonia,MKD,2015,1,0,1,1,0,0,0,0,0,"4,861.55"
North Macedonia,MKD,2016,1,0,1,1,0,0,0,0,0,"5,149.59"
North Macedonia,MKD,2017,1,0,1,1,0,0,0,0,0,"5,450.49"
North Macedonia,MKD,2018,1,0,1,1,0,0,0,0,0,"6,108.74"
North Macedonia,MKD,2019,1,0,1,1,0,0,0,0,0,"6,070.39"
Northern Mariana Islands,MNP,2015,0,0,0,0,0,0,0,0,0,"16,314.38"
Northern Mariana Islands,MNP,2016,0,0,0,0,0,0,0,0,0,"21,891.18"
Northern Mariana Islands,MNP,2017,0,0,0,0,0,0,0,0,0,"27,584.74"
Northern Mariana Islands,MNP,2018,0,0,0,0,0,0,0,0,0,"22,886.67"
Northern Mariana Islands,MNP,2019,0,0,0,0,0,0,0,0,0,"20,659.64"
Norway,NOR,2015,0,0,0,0,0,0,0,0,0,"74,355.52"
Norway,NOR,2016,0,0,0,0,0,0,0,0,0,"70,460.56"
Norway,NOR,2017,0,0,0,0,0,0,0,0,0,"75,496.75"
Norway,NOR,2018,0,0,0,0,0,0,0,0,0,"82,267.81"
Norway,NOR,2019,0,0,0,0,0,0,0,0,0,"75,719.75"
Oman,OMN,2015,6,1,2,5,0,1,1,0,0,"18,444.93"
Oman,OMN,2016,6,1,2,5,0,1,1,0,0,"16,772.74"
Oman,OMN,2017,6,1,2,5,0,1,1,0,0,"17,329.19"
Oman,OMN,2018,6,1,2,5,0,1,1,0,0,"18,947.37"
Oman,OMN,2019,6,1,2,5,0,1,1,0,0,"17,700.70"
Pakistan,PAK,2015,35922,8552,8746,36861,674,2730,1787,18509,413,"1,356.67"
Pakistan,PAK,2016,33812,8001,8062,34653,626,2502,1638,17172,375,"1,540.18"
Pakistan,PAK,2017,32460,7628,7544,33296,587,2400,1572,16274,346,"1,631.53"
Pakistan,PAK,2018,28987,6729,6569,29748,506,2148,1408,14269,298,"1,678.04"
Pakistan,PAK,2019,26789,6133,5914,27484,452,1973,1296,12949,267,"1,481.81"
Palau,PLW,2015,0,0,0,0,0,0,0,0,0,"15,876.46"
Palau,PLW,2016,0,0,0,0,0,0,0,0,0,"16,835.99"
Palau,PLW,2017,0,0,0,0,0,0,0,0,0,"16,019.99"
Palau,PLW,2018,0,0,0,0,0,0,0,0,0,"15,895.26"
Palau,PLW,2019,0,0,0,0,0,0,0,0,0,"15,232.49"
Panama,PAN,2015,47,9,19,53,0,2,1,30,0,"13,630.30"
Panama,PAN,2016,48,9,19,53,0,2,1,30,0,"14,343.98"
Panama,PAN,2017,45,8,18,50,0,2,1,26,0,"15,146.41"
Panama,PAN,2018,43,7,17,47,0,2,1,24,0,"15,545.00"
Panama,PAN,2019,41,7,17,44,0,1,1,21,0,"15,774.25"
Papua New Guinea,PNG,2015,1173,277,209,1218,8,85,52,928,36,"2,679.35"
Papua New Guinea,PNG,2016,1187,277,208,1230,8,82,51,935,36,"2,509.63"
Papua New Guinea,PNG,2017,1212,281,210,1254,8,82,51,951,35,"2,695.25"
Papua New Guinea,PNG,2018,1162,267,200,1201,7,78,49,910,33,"2,801.37"
Papua New Guinea,PNG,2019,1121,256,192,1159,7,76,47,876,31,"2,820.31"
Paraguay,PRY,2015,36,8,22,42,0,2,1,20,1,"5,413.78"
Paraguay,PRY,2016,33,8,21,39,0,2,1,19,1,"5,324.61"
Paraguay,PRY,2017,34,8,22,40,0,2,1,19,1,"5,678.87"
Paraguay,PRY,2018,34,8,22,40,0,2,1,18,1,"5,782.78"
Paraguay,PRY,2019,34,8,22,40,0,2,1,18,1,"5,383.57"
Peru,PER,2015,164,49,50,241,1,9,6,168,4,"6,229.10"
Peru,PER,2016,163,49,51,240,1,9,6,165,4,"6,205.00"
Peru,PER,2017,160,48,51,234,1,9,6,159,4,"6,710.51"
Peru,PER,2018,161,48,51,235,1,9,6,158,4,"6,958.50"
Peru,PER,2019,160,47,51,232,1,9,6,154,3,"7,023.08"
Philippines,PHL,2015,3301,461,835,3208,29,73,38,1090,144,"3,001.04"
Philippines,PHL,2016,3087,424,776,3000,26,69,36,991,129,"3,073.65"
Philippines,PHL,2017,2887,389,727,2807,24,67,35,896,115,"3,123.25"
Philippines,PHL,2018,2588,341,653,2512,21,62,32,772,99,"3,252.11"
Philippines,PHL,2019,2393,309,603,2320,18,58,31,692,88,"3,485.34"
Poland,POL,2015,3,0,2,2,0,2,1,1,0,"12,578.50"
Poland,POL,2016,3,0,2,2,0,2,1,1,0,"12,447.44"
Poland,POL,2017,3,0,2,2,0,1,1,0,0,"13,864.68"
Poland,POL,2018,3,0,2,2,0,1,1,0,0,"15,468.48"
Poland,POL,2019,2,0,2,2,0,1,1,0,0,"15,732.20"
Portugal,PRT,2015,2,0,2,0,0,1,1,1,0,"19,250.11"
Portugal,PRT,2016,2,0,2,0,0,1,1,1,0,"19,991.97"
Portugal,PRT,2017,1,0,1,0,0,1,1,0,0,"21,490.43"
Portugal,PRT,2018,1,0,1,0,0,1,0,0,0,"23,562.55"
Portugal,PRT,2019,1,0,1,0,0,1,0,0,0,"23,330.82"
Puerto Rico,PRI,2015,3,0,1,3,0,0,0,0,0,"29,763.49"
Puerto Rico,PRI,2016,2,0,1,3,0,0,0,0,0,"30,627.16"
Puerto Rico,PRI,2017,2,0,1,2,0,0,0,0,0,"31,108.76"
Puerto Rico,PRI,2018,2,0,1,2,0,0,0,0,0,"31,604.70"
Puerto Rico,PRI,2019,2,0,1,2,0,0,0,0,0,"32,850.55"
Qatar,QAT,2015,2,0,1,1,0,0,0,0,0,"63,039.11"
Qatar,QAT,2016,2,0,1,1,0,0,0,0,0,"57,162.97"
Qatar,QAT,2017,2,0,1,1,0,0,0,0,0,"59,124.87"
Qatar,QAT,2018,1,0,1,1,0,0,0,0,0,"65,907.95"
Qatar,QAT,2019,1,0,1,1,0,0,0,0,0,"62,087.97"
Romania,ROU,2015,9,0,5,7,0,2,1,5,0,"8,969.15"
Romania,ROU,2016,9,0,5,7,0,2,1,4,0,"9,548.59"
Romania,ROU,2017,9,0,5,7,0,2,1,4,0,"10,807.01"
Romania,ROU,2018,8,0,5,6,0,2,1,4,0,"12,398.98"
Romania,ROU,2019,8,0,4,5,0,1,1,3,0,"12,899.35"
Rwanda,RWA,2015,1440,653,114,1638,15,63,55,1207,57,751.11
Rwanda,RWA,2016,1330,605,104,1518,13,61,54,1120,50,744.79
Rwanda,RWA,2017,1239,566,96,1417,12,59,53,1046,45,772.29
Rwanda,RWA,2018,1168,534,89,1336,11,55,50,987,41,783.81
Rwanda,RWA,2019,1051,481,81,1204,9,51,47,890,35,820.18
Samoa,WSM,2015,1,0,0,1,0,0,0,0,0,"4,073.73"
Samoa,WSM,2016,1,0,0,1,0,0,0,0,0,"4,109.66"
Samoa,WSM,2017,1,0,0,1,0,0,0,0,0,"4,258.98"
Samoa,WSM,2018,1,0,0,1,0,0,0,0,0,"4,187.50"
Samoa,WSM,2019,1,0,0,1,0,0,0,0,0,"4,322.87"
San Marino,SMR,2015,0,0,0,0,0,0,0,0,0,"42,662.90"
San Marino,SMR,2016,0,0,0,0,0,0,0,0,0,"43,828.23"
San Marino,SMR,2017,0,0,0,0,0,0,0,0,0,"45,399.03"
San Marino,SMR,2018,0,0,0,0,0,0,0,0,0,"48,996.59"
San Marino,SMR,2019,0,0,0,0,0,0,0,0,0,"47,727.13"
Sao Tome and Principe,STP,2015,3,1,1,3,0,0,0,2,0,"1,584.78"
Sao Tome and Principe,STP,2016,3,1,1,3,0,0,0,2,0,"1,700.10"
Sao Tome and Principe,STP,2017,3,1,0,3,0,0,0,2,0,"1,813.81"
Sao Tome and Principe,STP,2018,2,1,0,2,0,0,0,1,0,"1,953.51"
Sao Tome and Principe,STP,2019,2,1,0,2,0,0,0,1,0,"1,987.58"
Saudi Arabia,SAU,2015,49,5,14,33,0,2,2,5,0,"20,627.92"
Saudi Arabia,SAU,2016,46,4,13,30,0,2,2,5,0,"19,878.77"
Saudi Arabia,SAU,2017,42,4,12,27,0,2,1,4,0,"20,802.46"
Saudi Arabia,SAU,2018,39,4,11,25,0,2,1,3,0,"24,228.84"
Saudi Arabia,SAU,2019,36,3,11,23,0,1,1,3,0,"23,450.56"
Senegal,SEN,2015,3116,1128,643,3255,10,170,135,2303,93,"1,219.25"
Senegal,SEN,2016,3131,1131,634,3267,10,167,133,2321,90,"1,269.90"
Senegal,SEN,2017,2948,1065,595,3082,9,162,129,2195,81,"1,361.70"
Senegal,SEN,2018,2558,925,521,2680,8,146,117,1911,69,"1,458.08"
Senegal,SEN,2019,2297,831,480,2412,7,136,110,1721,60,"1,435.83"
Serbia,SRB,2015,2,0,1,1,0,0,0,0,0,"5,588.98"
Serbia,SRB,2016,2,0,1,1,0,0,0,0,0,"5,765.20"
Serbia,SRB,2017,2,0,1,1,0,0,0,0,0,"6,292.54"
Serbia,SRB,2018,2,0,1,1,0,0,0,0,0,"7,252.40"
Serbia,SRB,2019,1,0,1,1,0,0,0,0,0,"7,417.20"
Seychelles,SYC,2015,0,0,0,0,0,0,0,0,0,"15,157.50"
Seychelles,SYC,2016,0,0,0,0,0,0,0,0,0,"15,740.11"
Seychelles,SYC,2017,0,0,0,0,0,0,0,0,0,"16,416.73"
Seychelles,SYC,2018,0,0,0,0,0,0,0,0,0,"16,910.67"
Seychelles,SYC,2019,0,0,0,0,0,0,0,0,0,"17,252.02"
Sierra Leone,SLE,2015,1187,455,289,1235,16,43,33,906,72,588.23
Sierra Leone,SLE,2016,1160,444,268,1208,16,42,32,884,68,501.42
Sierra Leone,SLE,2017,1162,445,257,1210,16,41,31,884,66,496.68
Sierra Leone,SLE,2018,1078,413,239,1123,15,38,29,820,60,533.99
Sierra Leone,SLE,2019,1008,386,230,1051,13,36,28,766,55,521.75
Singapore,SGP,2015,1,0,0,0,0,0,0,0,0,"55,646.62"
Singapore,SGP,2016,1,0,0,0,0,0,0,0,0,"56,860.41"
Singapore,SGP,2017,0,0,0,0,0,0,0,0,0,"61,150.73"
Singapore,SGP,2018,0,0,0,0,0,0,0,0,0,"66,859.34"
Singapore,SGP,2019,0,0,0,0,0,0,0,0,0,"65,831.19"
Slovenia,SVN,2015,0,0,0,0,0,0,0,0,0,"20,890.17"
Slovenia,SVN,2016,0,0,0,0,0,0,0,0,0,"21,678.36"
Slovenia,SVN,2017,0,0,0,0,0,0,0,0,0,"23,514.03"
Slovenia,SVN,2018,0,0,0,0,0,0,0,0,0,"26,116.86"
Slovenia,SVN,2019,0,0,0,0,0,0,0,0,0,"25,942.95"
Solomon Islands,SLB,2015,39,5,7,42,1,3,2,33,3,"2,167.16"
Solomon Islands,SLB,2016,37,4,6,40,1,3,2,31,3,"2,225.48"
Solomon Islands,SLB,2017,35,4,6,38,1,3,2,30,3,"2,332.90"
Solomon Islands,SLB,2018,33,4,6,35,0,3,2,28,2,"2,411.90"
Solomon Islands,SLB,2019,30,3,5,32,0,3,2,25,2,"2,344.05"
Somalia,SOM,2015,7300,2877,2296,7582,64,413,433,5673,725,386.44
Somalia,SOM,2016,7835,3090,2469,8140,70,437,459,6095,777,389.82
Somalia,SOM,2017,7554,2993,2399,7887,68,435,460,5907,749,384.46
Somalia,SOM,2018,7581,3003,2372,7908,71,429,454,5927,751,389.83
Somalia,SOM,2019,7907,3125,2443,8235,76,436,459,6175,783,419.39
South Africa,ZAF,2015,3637,1083,1618,3268,4,163,153,1943,77,"6,259.84"
South Africa,ZAF,2016,3310,981,1455,2966,4,145,136,1743,68,"5,756.97"
South Africa,ZAF,2017,3185,941,1384,2852,4,141,133,1657,64,"6,690.94"
South Africa,ZAF,2018,3026,888,1303,2696,4,134,126,1544,60,"7,005.10"
South Africa,ZAF,2019,2883,841,1244,2557,4,129,122,1447,56,"6,624.76"
South Sudan,SSD,2015,3725,1462,761,3846,6,235,170,2925,166,"1,119.65"
Spain,ESP,2015,4,0,3,0,0,2,1,0,0,"25,742.37"
Spain,ESP,2016,4,0,3,0,0,2,1,0,0,"26,523.35"
Spain,ESP,2017,4,0,3,0,0,1,1,0,0,"28,170.17"
Spain,ESP,2018,3,0,3,0,0,1,1,0,0,"30,364.58"
Spain,ESP,2019,3,0,3,0,0,1,1,0,0,"29,554.49"
Sri Lanka,LKA,2015,28,3,4,25,0,2,1,14,0,"3,843.78"
Sri Lanka,LKA,2016,25,3,3,23,0,2,1,12,0,"3,886.29"
Sri Lanka,LKA,2017,24,2,3,21,0,2,1,11,0,"4,077.04"
Sri Lanka,LKA,2018,21,2,3,19,0,1,1,10,0,"4,059.21"
Sri Lanka,LKA,2019,19,2,3,17,0,1,1,8,0,"3,848.21"
Sudan,SDN,2015,6771,2355,1560,7099,125,835,475,5431,226,"2,184.54"
Sudan,SDN,2016,6228,2141,1435,6503,113,767,440,4972,195,"2,583.45"
Sudan,SDN,2017,6241,2109,1442,6456,110,740,429,4933,183,"3,178.31"
Sudan,SDN,2018,4918,1645,1134,5075,86,592,348,3876,138,773.51
Sudan,SDN,2019,4241,1403,993,4362,72,509,304,3328,115,755.33
Suriname,SUR,2015,7,2,4,9,0,1,1,3,0,"9,168.24"
Suriname,SUR,2016,7,2,4,8,0,1,1,3,0,"5,872.79"
Suriname,SUR,2017,7,2,4,8,0,1,1,3,0,"6,295.56"
Suriname,SUR,2018,7,1,4,8,0,1,1,3,0,"6,938.09"
Suriname,SUR,2019,6,1,4,7,0,1,1,2,0,"6,853.69"
Sweden,SWE,2015,1,0,1,0,0,0,0,0,0,"51,545.48"
Sweden,SWE,2016,1,0,1,0,0,0,0,0,0,"51,965.16"
Sweden,SWE,2017,1,0,1,0,0,0,0,0,0,"53,791.51"
Sweden,SWE,2018,1,0,0,0,0,0,0,0,0,"54,589.06"
Sweden,SWE,2019,1,0,0,0,0,0,0,0,0,"51,939.43"
Switzerland,CHE,2015,1,0,1,0,0,2,1,0,0,"84,776.14"
Switzerland,CHE,2016,1,0,1,0,0,1,1,0,0,"83,073.28"
Switzerland,CHE,2017,1,0,1,0,0,1,1,0,0,"83,352.09"
Switzerland,CHE,2018,1,0,1,0,0,1,1,0,0,"86,388.40"
Switzerland,CHE,2019,1,0,1,0,0,1,1,0,0,"85,334.52"
Tajikistan,TJK,2015,608,91,184,525,14,30,20,440,16,978.40
Tajikistan,TJK,2016,565,83,168,485,13,27,18,408,15,807.10
Tajikistan,TJK,2017,555,80,166,475,12,27,18,401,14,848.67
Tajikistan,TJK,2018,534,76,160,455,11,27,18,384,13,853.22
Tajikistan,TJK,2019,517,72,156,439,11,26,18,371,12,890.54
Tanzania,TZA,2015,3282,1499,662,3880,25,316,239,2818,135,947.93
Tanzania,TZA,2016,3254,1485,662,3841,23,303,231,2782,128,966.50
Tanzania,TZA,2017,3123,1425,644,3684,22,287,221,2659,115,"1,004.91"
Tanzania,TZA,2018,2624,1202,543,3103,18,244,189,2234,93,"1,042.84"
Tanzania,TZA,2019,2332,1073,497,2769,15,224,175,1991,79,"1,085.88"
Thailand,THA,2015,100,17,39,109,1,8,5,7,1,"5,840.05"
Thailand,THA,2016,97,16,38,106,1,8,5,6,1,"5,993.31"
Thailand,THA,2017,89,15,35,97,0,7,5,6,1,"6,593.82"
Thailand,THA,2018,82,13,32,89,0,6,4,5,1,"7,298.95"
Thailand,THA,2019,76,12,30,83,0,6,4,4,1,"7,814.38"
Togo,TGO,2015,4044,1713,733,4632,27,320,248,3296,207,570.91
Togo,TGO,2016,3902,1654,717,4474,26,306,238,3175,192,803.15
Togo,TGO,2017,3757,1596,696,4319,25,296,232,3056,178,830.75
Togo,TGO,2018,3369,1434,637,3881,22,268,211,2737,155,901.52
Togo,TGO,2019,3134,1335,600,3614,20,246,196,2541,140,893.35
Tonga,TON,2015,0,0,0,0,0,0,0,0,0,"4,336.24"
Tonga,TON,2016,0,0,0,0,0,0,0,0,0,"4,157.88"
Tonga,TON,2017,0,0,0,0,0,0,0,0,0,"4,513.43"
Tonga,TON,2018,0,0,0,0,0,0,0,0,0,"4,740.70"
Tonga,TON,2019,0,0,0,0,0,0,0,0,0,"4,903.01"
Trinidad and Tobago,TTO,2015,3,1,2,3,0,1,0,1,0,"18,383.54"
Trinidad and Tobago,TTO,2016,3,0,1,3,0,1,0,1,0,"16,241.41"
Trinidad and Tobago,TTO,2017,2,0,1,3,0,1,0,1,0,"16,747.91"
Trinidad and Tobago,TTO,2018,2,0,1,3,0,1,0,1,0,"17,139.19"
Trinidad and Tobago,TTO,2019,2,0,1,3,0,0,0,1,0,"17,123.12"
Tunisia,TUN,2015,11,2,5,11,0,2,1,5,0,"4,094.84"
Tunisia,TUN,2016,10,2,5,10,0,2,1,4,0,"3,924.35"
Tunisia,TUN,2017,10,1,4,10,0,1,1,4,0,"3,687.78"
Tunisia,TUN,2018,9,1,4,9,0,1,1,3,0,"3,690.90"
Tunisia,TUN,2019,8,1,4,8,0,1,1,3,0,"3,571.95"
Turkmenistan,TKM,2015,47,5,15,44,0,4,3,33,0,"6,432.69"
Turkmenistan,TKM,2016,46,5,15,42,0,4,3,33,0,"6,387.68"
Turkmenistan,TKM,2017,44,5,15,41,0,4,3,31,0,"6,587.09"
Turkmenistan,TKM,2018,42,5,14,39,0,3,3,29,0,"6,967.38"
Turkmenistan,TKM,2019,40,4,14,36,0,3,3,28,0,"7,612.04"
Tuvalu,TUV,2015,0,0,0,0,0,0,0,0,0,"3,316.66"
Tuvalu,TUV,2016,0,0,0,0,0,0,0,0,0,"3,706.33"
Tuvalu,TUV,2017,0,0,0,0,0,0,0,0,0,"3,978.68"
Tuvalu,TUV,2018,0,0,0,0,0,0,0,0,0,"4,156.31"
Tuvalu,TUV,2019,0,0,0,0,0,0,0,0,0,"4,652.35"
Uganda,UGA,2015,4917,2239,977,5888,41,389,306,4406,187,847.27
Uganda,UGA,2016,4658,2132,915,5602,39,381,302,4194,170,736.56
Uganda,UGA,2017,4004,1846,790,4852,32,354,283,3631,140,746.83
Uganda,UGA,2018,3599,1659,705,4362,28,318,255,3264,120,770.60
Uganda,UGA,2019,3100,1436,604,3773,24,283,228,2823,100,798.59
Ukraine,UKR,2015,13,1,7,10,0,1,1,7,0,"2,124.66"
Ukraine,UKR,2016,13,1,6,10,0,1,1,7,0,"2,187.73"
Ukraine,UKR,2017,12,1,6,9,0,1,1,7,0,"2,638.33"
Ukraine,UKR,2018,11,1,6,9,0,1,1,6,0,"3,096.56"
Ukraine,UKR,2019,10,1,5,8,0,1,1,6,0,"3,661.46"
United Arab Emirates,ARE,2015,2,0,1,1,0,1,0,0,0,"38,663.39"
United Arab Emirates,ARE,2016,2,0,1,1,0,0,0,0,0,"38,141.88"
United Arab Emirates,ARE,2017,2,0,1,1,0,0,0,0,0,"40,644.79"
United Arab Emirates,ARE,2018,2,0,0,1,0,0,0,0,0,"43,839.32"
United Arab Emirates,ARE,2019,1,0,0,1,0,0,0,0,0,"42,701.44"
United Kingdom,GBR,2015,5,0,3,0,0,1,1,0,0,"45,404.57"
United Kingdom,GBR,2016,5,0,3,0,0,1,1,0,0,"41,499.56"
United Kingdom,GBR,2017,5,0,3,0,0,1,1,0,0,"40,857.76"
United Kingdom,GBR,2018,5,0,3,0,0,1,1,0,0,"43,646.95"
United Kingdom,GBR,2019,4,0,3,0,0,1,1,0,0,"43,070.50"
United States,USA,2015,22,1,20,2,0,9,8,4,0,"56,762.73"
United States,USA,2016,23,1,20,2,0,9,8,4,0,"57,866.74"
United States,USA,2017,22,1,20,2,0,9,8,4,0,"59,914.78"
United States,USA,2018,21,1,19,2,0,8,7,4,0,"62,805.25"
United States,USA,2019,21,1,19,2,0,8,7,4,0,"65,094.80"
Uruguay,URY,2015,4,0,2,3,0,1,1,0,0,"15,613.75"
Uruguay,URY,2016,4,0,2,3,0,1,1,0,0,"16,715.63"
Uruguay,URY,2017,4,0,2,3,0,1,1,0,0,"18,690.89"
Uruguay,URY,2018,4,0,2,2,0,1,1,0,0,"18,703.86"
Uruguay,URY,2019,3,0,2,2,0,1,1,0,0,"17,688.02"
Uzbekistan,UZB,2015,103,11,42,81,0,10,8,83,1,"2,753.97"
Uzbekistan,UZB,2016,100,11,40,77,0,10,7,80,1,"2,704.68"
Uzbekistan,UZB,2017,93,10,38,72,0,10,7,74,1,"1,916.76"
Uzbekistan,UZB,2018,89,9,36,67,0,9,7,69,1,"1,597.07"
Uzbekistan,UZB,2019,84,8,35,63,0,9,7,65,1,"1,784.01"
Vanuatu,VUT,2015,9,2,2,10,0,1,0,7,1,"2,695.67"
Vanuatu,VUT,2016,9,2,2,11,0,1,0,8,1,"2,805.67"
Vanuatu,VUT,2017,9,2,2,11,0,1,0,8,1,"3,082.54"
Vanuatu,VUT,2018,9,2,2,10,0,1,0,7,1,"3,125.44"
Vanuatu,VUT,2019,8,2,2,9,0,0,0,7,1,"3,122.98"
Vietnam,VNM,2015,130,25,43,130,0,10,7,69,2,"2,581.62"
Vietnam,VNM,2016,120,23,39,120,0,9,7,62,2,"2,745.57"
Vietnam,VNM,2017,114,21,37,113,0,9,6,57,1,"2,974.12"
Vietnam,VNM,2018,103,18,33,102,0,8,6,50,1,"3,230.93"
Vietnam,VNM,2019,92,16,30,91,0,7,5,44,1,"3,425.09"
World,OWID_WRL,2015,509644,176633,125162,529745,4087,41784,29486,364645,21605,"10,231.70"
World,OWID_WRL,2016,484875,168557,117162,503162,3709,38471,27423,344054,19914,"10,286.41"
World,OWID_WRL,2017,470293,163444,112269,487667,3469,37085,26592,330794,18656,"10,825.90"
World,OWID_WRL,2018,432618,150459,102802,448034,3072,33791,24401,301371,16821,"11,366.07"
World,OWID_WRL,2019,405102,140769,96610,419222,2806,31383,22805,279618,15515,"11,407.48"
Zambia,ZMB,2015,3525,1460,651,3864,22,228,189,2778,154,"1,338.29"
Zambia,ZMB,2016,3549,1469,679,3887,21,229,191,2774,146,"1,280.81"
Zambia,ZMB,2017,3533,1460,700,3866,20,227,190,2736,137,"1,535.20"
Zambia,ZMB,2018,3081,1272,626,3371,17,199,168,2367,115,"1,516.37"
Zambia,ZMB,2019,2810,1161,578,3077,15,182,155,2148,102,"1,305.00"
Zimbabwe,ZWE,2015,949,415,326,1140,5,64,57,759,62,"1,445.07"
Zimbabwe,ZWE,2016,904,396,305,1088,5,59,53,719,57,"1,464.59"
Zimbabwe,ZWE,2017,875,383,295,1054,5,58,52,692,53,"1,235.19"
Zimbabwe,ZWE,2018,794,348,269,957,4,53,48,624,47,"1,254.64"
Zimbabwe,ZWE,2019,744,326,255,898,4,50,45,582,43,"1,316.74"
