Country Name,Code,Year,Deaths - Cause: Diarrheal diseases - Risk: Child growth failure - Sex: Both - Age: Under 5 (Number),Deaths - Cause: Diarrheal diseases - Risk: No access to handwashing facility - Sex: Both - Age: Under 5 (Number),Deaths - Cause: Diarrheal diseases - Risk: Suboptimal breastfeeding - Sex: Both - Age: Under 5 (Number),Deaths - Cause: Diarrheal diseases - Risk: Unsafe water source - Sex: Both - Age: Under 5 (Number),Deaths - Cause: Diarrheal diseases - Risk: Zinc deficiency - Sex: Both - Age: Under 5 (Number),Deaths - Cause: Diarrheal diseases - Risk: Low birth weight - Sex: Both - Age: Under 5 (Number),Deaths - Cause: Diarrheal diseases - Risk: Short gestation - Sex: Both - Age: Under 5 (Number),Deaths - Cause: Diarrheal diseases - Risk: Unsafe sanitation - Sex: Both - Age: Under 5 (Number),Deaths - Cause: Diarrheal diseases - Risk: Vitamin A deficiency - Sex: Both - Age: Under 5 (Number),Total Deaths,GDP per capita (US$)
Afghanistan,AFG,2015,4053,1265,1356,4598,69,480,338,3238,314,15711,556.0072209
Afghanistan,AFG,2016,3952,1227,1316,4483,68,463,327,3142,297,15275,512.0127781
Afghanistan,AFG,2017,3908,1209,1290,4437,67,461,325,3095,285,15077,516.6798622
Afghanistan,AFG,2018,3345,1031,1099,3807,55,401,283,2641,238,12900,485.6684187
Afghanistan,AFG,2019,3139,963,1004,3568,53,368,261,2466,220,12042,494.1793499
Albania,ALB,2015,1,0,0,1,0,0,0,0,0,2,3952.802538
Albania,ALB,2016,1,0,0,1,0,0,0,0,0,2,4124.05539
Albania,ALB,2017,1,0,0,1,0,0,0,0,0,2,4531.019374
Albania,ALB,2018,1,0,0,1,0,0,0,0,0,2,5287.663694
Albania,ALB,2019,1,0,0,1,0,0,0,0,0,2,5396.215864
Algeria,DZA,2015,229,26,94,174,1,20,16,62,2,624,4177.889542
Algeria,DZA,2016,220,24,91,165,1,19,16,57,2,595,3946.452447
Algeria,DZA,2017,207,23,85,154,1,19,16,52,2,559,4109.698217
Algeria,DZA,2018,197,21,80,143,1,18,15,46,2,523,4142.018558
Algeria,DZA,2019,187,20,75,134,1,18,15,41,1,492,3989.668276
American Samoa,ASM,2015,0,0,0,0,0,0,0,0,0,0,12059.63516
American Samoa,ASM,2016,0,0,0,0,0,0,0,0,0,0,12038.2497
American Samoa,ASM,2017,0,0,0,0,0,0,0,0,0,0,11003.82976
American Samoa,ASM,2018,0,0,0,0,0,0,0,0,0,0,11521.60978
American Samoa,ASM,2019,0,0,0,0,0,0,0,0,0,0,11715.36014
Andorra,AND,2015,0,0,0,0,0,0,0,0,0,0,35770.91865
Andorra,AND,2016,0,0,0,0,0,0,0,0,0,0,37474.74584
Andorra,AND,2017,0,0,0,0,0,0,0,0,0,0,38964.66201
Andorra,AND,2018,0,0,0,0,0,0,0,0,0,0,41793.31884
Andorra,AND,2019,0,0,0,0,0,0,0,0,0,0,40898.41791
Angola,AGO,2015,8114,3493,2153,9357,84,386,304,6177,435,30503,3127.890598
Angola,AGO,2016,7222,3116,1924,8343,75,350,278,5435,365,27108,1728.023754
Angola,AGO,2017,6700,2895,1789,7758,70,333,268,4975,319,25107,2313.220584
Angola,AGO,2018,5737,2480,1541,6648,60,289,234,4195,263,21447,2524.942483
Angola,AGO,2019,5275,2279,1414,6112,56,261,213,3810,235,19655,2177.799015
Antigua and Barbuda,ATG,2015,0,0,0,0,0,0,0,0,0,0,14285.32978
Antigua and Barbuda,ATG,2016,0,0,0,0,0,0,0,0,0,0,15198.74297
Antigua and Barbuda,ATG,2017,0,0,0,0,0,0,0,0,0,0,15383.5764
Antigua and Barbuda,ATG,2018,0,0,0,0,0,0,0,0,0,0,16679.59166
Antigua and Barbuda,ATG,2019,0,0,0,0,0,0,0,0,0,0,17376.64968
Argentina,ARG,2015,76,6,40,61,0,13,9,16,2,223,13789.06042
Argentina,ARG,2016,72,5,37,56,0,12,8,15,2,207,12790.24247
Argentina,ARG,2017,67,5,34,52,0,11,7,13,2,191,14613.04182
Argentina,ARG,2018,63,5,33,48,0,10,7,12,2,180,11795.15939
Argentina,ARG,2019,61,4,32,46,0,10,7,11,2,173,10076.35524
Armenia,ARM,2015,4,1,2,2,0,1,1,3,0,14,3607.289299
Armenia,ARM,2016,4,0,2,2,0,1,1,3,0,13,3591.828052
Armenia,ARM,2017,4,0,2,2,0,1,1,3,0,13,3914.527854
Armenia,ARM,2018,4,0,2,2,0,1,1,3,0,13,4220.540321
Armenia,ARM,2019,4,0,2,1,0,1,1,2,0,11,4604.646324
Australia,AUS,2015,3,0,1,1,0,0,0,0,0,5,56707.02208
Australia,AUS,2016,3,0,1,1,0,0,0,0,0,5,49881.76371
Australia,AUS,2017,3,0,1,1,0,0,0,0,0,5,53934.25018
Australia,AUS,2018,2,0,1,1,0,0,0,0,0,4,57180.7794
Australia,AUS,2019,2,0,1,1,0,0,0,0,0,4,54875.28596
Austria,AUT,2015,1,0,0,0,0,0,0,0,0,1,44195.81759
Austria,AUT,2016,1,0,1,0,0,0,0,0,0,2,45307.58786
Austria,AUT,2017,1,0,1,0,0,0,0,0,0,2,47429.15846
Austria,AUT,2018,1,0,0,0,0,0,0,0,0,1,51486.5755
Austria,AUT,2019,1,0,0,0,0,0,0,0,0,1,50114.40111
Azerbaijan,AZE,2015,70,6,41,60,0,10,7,51,1,246,5500.310382
Azerbaijan,AZE,2016,68,6,39,57,0,10,7,49,0,236,3880.738731
Azerbaijan,AZE,2017,64,6,37,53,0,9,6,46,0,221,4147.089716
Azerbaijan,AZE,2018,60,5,34,49,0,9,6,42,0,205,4739.84171
Azerbaijan,AZE,2019,56,5,32,45,0,8,6,39,0,191,4805.753718
Bahrain,BHR,2015,1,0,0,1,0,0,0,0,0,2,22634.08565
Bahrain,BHR,2016,1,0,0,1,0,0,0,0,0,2,22608.45256
Bahrain,BHR,2017,1,0,0,0,0,0,0,0,0,1,23742.93734
Bahrain,BHR,2018,1,0,0,0,0,0,0,0,0,1,24086.30169
Bahrain,BHR,2019,1,0,0,0,0,0,0,0,0,1,23552.37995
Bangladesh,BGD,2015,2043,676,399,2131,14,162,103,1452,31,7011,1248.45331
Bangladesh,BGD,2016,1898,629,370,1989,13,159,102,1350,27,6537,1678.95323
Bangladesh,BGD,2017,1812,601,351,1909,12,161,103,1288,24,6261,1839.583378
Bangladesh,BGD,2018,1594,529,309,1690,10,150,97,1131,20,5530,1991.483267
Bangladesh,BGD,2019,1394,464,273,1488,8,140,90,988,17,4862,2154.226819
Barbados,BRB,2015,0,0,0,0,0,0,0,0,0,0,16558.86478
Barbados,BRB,2016,0,0,0,0,0,0,0,0,0,0,16909.88655
Barbados,BRB,2017,0,0,0,0,0,0,0,0,0,0,17404.20747
Barbados,BRB,2018,0,0,0,0,0,0,0,0,0,0,17782.87473
Barbados,BRB,2019,0,0,0,0,0,0,0,0,0,0,18480.05659
Belarus,BLR,2015,1,0,1,1,0,0,0,1,0,4,5967.052204
Belarus,BLR,2016,1,0,1,1,0,0,0,1,0,4,5039.681886
Belarus,BLR,2017,1,0,1,1,0,0,0,1,0,4,5785.670673
Belarus,BLR,2018,1,0,1,1,0,0,0,1,0,4,6360.062473
Belarus,BLR,2019,1,0,1,1,0,0,0,0,0,3,6837.717826
Belgium,BEL,2015,2,0,1,0,0,0,0,0,0,3,41008.29672
Belgium,BEL,2016,2,0,1,0,0,0,0,0,0,3,42012.62272
Belgium,BEL,2017,2,0,1,0,0,0,0,0,0,3,44198.48239
Belgium,BEL,2018,2,0,1,0,0,0,0,0,0,3,47549.20805
Belgium,BEL,2019,2,0,1,0,0,0,0,0,0,3,46599.11134
Belize,BLZ,2015,3,1,1,4,0,0,0,2,0,11,4805.196852
Belize,BLZ,2016,3,1,1,4,0,0,0,2,0,11,4877.670506
Belize,BLZ,2017,3,1,1,4,0,0,0,1,0,10,4909.604664
Belize,BLZ,2018,2,1,1,3,0,0,0,1,0,8,4927.194224
Belize,BLZ,2019,2,1,1,3,0,0,0,1,0,8,4983.336114
Benin,BEN,2015,3017,1153,613,3022,13,129,95,2297,212,10551,1076.796698
Benin,BEN,2016,3041,1162,608,3043,13,130,96,2310,205,10608,1087.287331
Benin,BEN,2017,3047,1165,605,3050,13,132,98,2313,196,10619,1136.593872
Benin,BEN,2018,2622,1004,526,2629,11,118,88,1991,166,9155,1241.825298
Benin,BEN,2019,2428,932,494,2439,10,111,83,1844,152,8493,1219.515506
Bermuda,BMU,2015,0,0,0,0,0,0,0,0,0,0,102005.6256
Bermuda,BMU,2016,0,0,0,0,0,0,0,0,0,0,106885.8785
Bermuda,BMU,2017,0,0,0,0,0,0,0,0,0,0,111820.5815
Bermuda,BMU,2018,0,0,0,0,0,0,0,0,0,0,113050.7369
Bermuda,BMU,2019,0,0,0,0,0,0,0,0,0,0,116153.1661
Bhutan,BTN,2015,11,1,3,10,0,1,1,8,0,35,2752.630172
Bhutan,BTN,2016,10,1,2,9,0,1,1,7,0,31,2930.574923
Bhutan,BTN,2017,9,1,2,8,0,1,1,6,0,28,3286.596744
Bhutan,BTN,2018,9,1,2,8,0,1,1,6,0,28,3243.477437
Bhutan,BTN,2019,8,1,2,7,0,1,0,5,0,24,3322.863329
Bolivia,BOL,2015,203,50,59,236,2,9,7,141,6,713,3035.971655
Bolivia,BOL,2016,190,45,54,216,1,9,6,120,5,646,3076.656439
Bolivia,BOL,2017,184,43,53,210,1,8,6,115,5,625,3351.124344
Bolivia,BOL,2018,172,40,49,195,1,8,6,104,4,579,3548.59078
Bolivia,BOL,2019,162,37,46,183,1,7,6,96,4,542,3552.068144
Bosnia and Herzegovina,BIH,2015,1,0,1,1,0,0,0,0,0,3,4729.690054
Bosnia and Herzegovina,BIH,2016,1,0,1,1,0,0,0,0,0,3,4994.971623
Bosnia and Herzegovina,BIH,2017,1,0,1,1,0,0,0,0,0,3,5394.26914
Bosnia and Herzegovina,BIH,2018,1,0,1,1,0,0,0,0,0,3,6070.35298
Bosnia and Herzegovina,BIH,2019,1,0,1,1,0,0,0,0,0,3,6119.762351
Botswana,BWA,2015,175,58,59,172,0,9,8,114,5,600,6402.910183
Botswana,BWA,2016,166,55,56,163,0,8,8,107,5,568,6982.917492
Botswana,BWA,2017,165,54,55,162,0,8,8,106,5,563,7296.092142
Botswana,BWA,2018,156,51,51,151,0,7,7,98,5,526,7503.878588
Botswana,BWA,2019,147,48,48,143,0,7,7,92,4,496,7247.429476
Brazil,BRA,2015,1752,286,909,1590,2,39,31,1038,50,5697,8813.989806
Brazil,BRA,2016,1599,258,828,1432,2,36,29,927,44,5155,8710.06329
Brazil,BRA,2017,1467,234,759,1297,1,33,27,833,39,4690,9928.675897
Brazil,BRA,2018,1378,217,715,1201,1,32,26,767,36,4373,9151.381732
Brazil,BRA,2019,1288,201,671,1108,1,30,24,703,33,4059,8876.059836
Bulgaria,BGR,2015,5,0,3,3,0,1,0,0,0,12,7074.681023
Bulgaria,BGR,2016,5,0,3,3,0,1,0,0,0,12,7569.478815
Bulgaria,BGR,2017,5,0,3,3,0,0,0,0,0,11,8366.293221
Bulgaria,BGR,2018,4,0,2,2,0,0,0,0,0,8,9446.700772
Bulgaria,BGR,2019,4,0,2,2,0,0,0,0,0,8,9879.268533
Burkina Faso,BFA,2015,7925,2945,1520,7941,19,448,341,6019,427,27585,653.3272681
Burkina Faso,BFA,2016,8296,3080,1569,8307,20,454,347,6295,437,28805,688.2506963
Burkina Faso,BFA,2017,8568,3182,1634,8583,21,463,355,6502,443,29751,734.996268
Burkina Faso,BFA,2018,8306,3086,1621,8324,20,449,346,6305,424,28881,804.5005378
Burkina Faso,BFA,2019,7896,2937,1587,7922,19,430,332,5998,398,27519,796.1152068
Burundi,BDI,2015,5099,2099,564,5498,130,344,257,4094,243,18328,305.5111441
Burundi,BDI,2016,4629,1919,508,5028,116,343,257,3743,218,16761,251.6514772
Burundi,BDI,2017,4368,1820,482,4768,107,347,261,3549,202,15904,250.5146007
Burundi,BDI,2018,4596,1907,495,4995,114,348,263,3717,212,16647,238.0343096
Burundi,BDI,2019,4493,1868,484,4894,112,348,265,3640,207,16311,223.8628757
Cambodia,KHM,2015,358,64,86,354,1,29,18,224,13,1147,1162.904995
Cambodia,KHM,2016,334,59,80,330,1,27,17,205,12,1065,1269.591499
Cambodia,KHM,2017,321,56,77,317,1,27,16,194,11,1020,1385.260066
Cambodia,KHM,2018,287,49,69,283,1,24,15,170,9,907,1512.126989
Cambodia,KHM,2019,256,43,62,252,1,21,13,149,8,805,1643.121389
Cameroon,CMR,2015,12078,5089,3158,13679,52,710,615,9692,613,45686,1382.50979
Cameroon,CMR,2016,12513,5253,3155,14125,55,689,600,9965,618,46973,1413.255957
Cameroon,CMR,2017,12071,5069,3025,13632,53,669,585,9573,580,45257,1469.4475
Cameroon,CMR,2018,10952,4600,2772,12373,47,617,544,8646,515,41066,1585.240534
Cameroon,CMR,2019,10099,4246,2590,11420,43,577,514,7946,468,37903,1533.095688
Canada,CAN,2015,5,0,3,0,0,1,1,0,0,10,43596.13554
Canada,CAN,2016,4,0,3,0,0,1,1,0,0,9,42315.60371
Canada,CAN,2017,4,0,3,0,0,1,1,0,0,9,45129.4293
Canada,CAN,2018,4,0,3,0,0,1,1,0,0,9,46548.63841
Canada,CAN,2019,4,0,3,0,0,1,1,0,0,9,46328.67184
Central African Republic,CAF,2015,4422,1759,1164,4907,53,318,232,3679,365,16899,377.4229177
Central African Republic,CAF,2016,4519,1802,1201,5026,57,334,244,3769,372,17324,402.1916451
Central African Republic,CAF,2017,4563,1818,1204,5072,61,335,244,3802,374,17473,450.900697
Central African Republic,CAF,2018,4363,1740,1157,4853,61,321,234,3637,357,16723,475.9538139
Central African Republic,CAF,2019,4245,1695,1136,4727,60,315,230,3542,346,16296,468.1175148
Chad,TCD,2015,21532,8175,5415,22073,53,1050,816,16709,1574,77397,776.0197523
Chad,TCD,2016,21641,8219,5449,22196,54,1052,823,16791,1550,77775,693.4497674
Chad,TCD,2017,21946,8336,5519,22516,56,1064,836,17021,1540,78834,665.9488849
Chad,TCD,2018,21511,8170,5416,22070,55,1049,819,16673,1484,77247,726.1510071
Chad,TCD,2019,21288,8084,5358,21837,56,1051,809,16491,1448,76422,709.5400432
Chile,CHL,2015,4,0,2,3,0,1,1,2,0,13,13495.01061
Chile,CHL,2016,4,0,2,2,0,1,1,1,0,11,13690.90746
Chile,CHL,2017,4,0,2,2,0,1,1,1,0,11,14962.55685
Chile,CHL,2018,3,0,2,2,0,1,1,1,0,10,15772.33348
Chile,CHL,2019,3,0,2,2,0,1,1,1,0,10,14699.46278
China,CHN,2015,1227,155,515,1233,1,77,54,804,16,4082,8016.431435
China,CHN,2016,1261,158,538,1263,1,81,57,826,16,4201,8094.363367
China,CHN,2017,1236,145,500,1203,1,73,52,768,15,3993,8816.986905
China,CHN,2018,1044,115,409,995,1,61,43,616,11,3295,9905.342004
China,CHN,2019,933,99,363,875,1,55,39,531,9,2905,10143.8382
Colombia,COL,2015,164,31,75,182,1,15,10,45,2,525,6175.87603
Colombia,COL,2016,151,28,69,165,1,14,9,40,1,478,5870.777957
Colombia,COL,2017,146,26,67,158,1,13,9,37,1,458,6376.706716
Colombia,COL,2018,142,25,65,152,1,13,8,35,1,442,6729.583332
Colombia,COL,2019,137,24,63,146,1,12,8,33,1,425,6418.615783
Comoros,COM,2015,93,36,29,94,1,8,6,72,4,343,1242.585608
Comoros,COM,2016,86,33,27,87,1,7,6,67,4,318,1273.050952
Comoros,COM,2017,83,32,25,84,1,7,6,65,3,306,1323.814843
Comoros,COM,2018,73,28,23,74,1,6,5,57,3,270,1428.290463
Comoros,COM,2019,64,25,20,65,1,6,5,50,2,238,1404.433187
Costa Rica,CRI,2015,6,1,3,6,0,0,0,1,0,17,11642.77805
Costa Rica,CRI,2016,7,1,3,5,0,0,0,0,0,16,12011.22275
Costa Rica,CRI,2017,6,1,3,5,0,0,0,0,0,15,12225.57449
Costa Rica,CRI,2018,6,1,2,4,0,0,0,0,0,13,12485.4239
Costa Rica,CRI,2019,5,1,2,4,0,0,0,0,0,12,12762.13801
Cote d'Ivoire,CIV,2015,4614,1820,1023,4976,31,399,311,3515,220,16909,1972.545683
Cote d'Ivoire,CIV,2016,4210,1662,932,4548,28,373,292,3197,192,15434,2013.381448
Cote d'Ivoire,CIV,2017,3813,1506,853,4124,24,343,269,2886,165,13983,2111.026557
Cote d'Ivoire,CIV,2018,3445,1357,777,3719,21,306,241,2589,144,12599,2314.050958
Cote d'Ivoire,CIV,2019,3062,1205,704,3306,18,273,217,2290,124,11199,2276.332394
Croatia,HRV,2015,1,0,1,1,0,0,0,0,0,3,11933.37738
Croatia,HRV,2016,1,0,1,1,0,0,0,0,0,3,12527.73986
Croatia,HRV,2017,1,0,0,0,0,0,0,0,0,1,13629.28959
Croatia,HRV,2018,1,0,0,0,0,0,0,0,0,1,15227.5601
Croatia,HRV,2019,1,0,0,0,0,0,0,0,0,1,15311.7669
Cuba,CUB,2015,7,1,4,9,0,1,1,3,0,26,7694.014637
Cuba,CUB,2016,6,1,4,8,0,1,1,3,0,24,8060.796598
Cuba,CUB,2017,6,1,3,8,0,1,0,3,0,22,8541.213686
Cuba,CUB,2018,5,1,3,6,0,1,0,2,0,18,8824.194008
Cuba,CUB,2019,4,1,3,6,0,1,0,2,0,17,9125.878679
Cyprus,CYP,2015,0,0,0,0,0,0,0,0,0,0,23408.33594
Cyprus,CYP,2016,0,0,0,0,0,0,0,0,0,0,24605.91992
Cyprus,CYP,2017,0,0,0,0,0,0,0,0,0,0,26608.875
Cyprus,CYP,2018,0,0,0,0,0,0,0,0,0,0,29334.11133
Cyprus,CYP,2019,0,0,0,0,0,0,0,0,0,0,29206.07617
Denmark,DNK,2015,1,0,1,0,0,0,0,0,0,2,53254.85637
Denmark,DNK,2016,1,0,1,0,0,0,0,0,0,2,54663.99837
Denmark,DNK,2017,1,0,1,0,0,0,0,0,0,2,57610.09818
Denmark,DNK,2018,1,0,1,0,0,0,0,0,0,2,61591.92887
Denmark,DNK,2019,1,0,1,0,0,0,0,0,0,2,59775.7351
Djibouti,DJI,2015,118,44,34,116,1,7,6,84,4,414,2652.513228
Djibouti,DJI,2016,121,45,33,119,1,7,6,85,4,421,2803.689125
Djibouti,DJI,2017,118,43,32,116,1,7,6,83,4,410,2926.153304
Djibouti,DJI,2018,107,39,29,105,1,6,5,75,3,370,3038.269738
Djibouti,DJI,2019,99,36,27,97,1,6,5,68,3,342,3172.750685
Dominica,DMA,2015,0,0,0,0,0,0,0,0,0,0,7597.288894
Dominica,DMA,2016,0,0,0,0,0,0,0,0,0,0,8080.968623
Dominica,DMA,2017,0,0,0,0,0,0,0,0,0,0,7298.51458
Dominica,DMA,2018,0,0,0,0,0,0,0,0,0,0,7745.376963
Dominica,DMA,2019,0,0,0,0,0,0,0,0,0,0,8516.280039
Dominican Republic,DOM,2015,166,69,102,227,1,21,14,89,2,691,6921.520594
Dominican Republic,DOM,2016,167,70,103,230,1,21,14,87,2,695,7280.88361
Dominican Republic,DOM,2017,151,62,93,208,1,20,13,75,2,625,7609.353275
Dominican Republic,DOM,2018,146,60,89,201,1,19,13,71,2,602,8050.644076
Dominican Republic,DOM,2019,141,58,86,196,1,19,13,67,2,583,8282.117131
Ecuador,ECU,2015,71,13,24,69,1,5,3,27,1,214,6124.490887
Ecuador,ECU,2016,66,12,22,64,1,5,3,24,1,198,6060.092962
Ecuador,ECU,2017,65,12,22,63,1,5,3,23,1,195,6213.503127
Ecuador,ECU,2018,64,12,21,62,1,5,3,22,1,191,6295.934662
Ecuador,ECU,2019,65,12,22,62,1,5,3,22,1,193,6222.524653
El Salvador,SLV,2015,43,11,18,54,0,3,2,34,1,166,3705.579704
El Salvador,SLV,2016,41,10,18,51,0,3,2,32,1,158,3805.995686
El Salvador,SLV,2017,40,10,17,50,0,3,2,31,1,154,3910.254403
El Salvador,SLV,2018,38,9,16,47,0,2,2,28,1,143,4052.624775
El Salvador,SLV,2019,36,9,16,45,0,2,1,27,1,137,4167.730939
Equatorial Guinea,GNQ,2015,33,13,12,36,0,3,2,15,0,114,11283.39802
Equatorial Guinea,GNQ,2016,31,12,11,33,0,2,2,13,0,104,9250.316728
Equatorial Guinea,GNQ,2017,30,12,11,32,0,2,2,12,0,101,9667.856962
Equatorial Guinea,GNQ,2018,29,11,10,31,0,2,2,11,0,96,10005.61604
Equatorial Guinea,GNQ,2019,28,11,10,29,0,2,2,10,0,92,8380.741122
Estonia,EST,2015,0,0,0,0,0,0,0,0,0,0,17402.03761
Estonia,EST,2016,0,0,0,0,0,0,0,0,0,0,18295.34293
Estonia,EST,2017,0,0,0,0,0,0,0,0,0,0,20437.76538
Estonia,EST,2018,0,0,0,0,0,0,0,0,0,0,23063.56382
Estonia,EST,2019,0,0,0,0,0,0,0,0,0,0,23397.87826
Eswatini,SWZ,2015,137,59,66,193,0,8,8,135,6,612,3680.349473
Eswatini,SWZ,2016,129,55,62,182,0,7,7,126,5,573,3425.531957
Eswatini,SWZ,2017,126,54,60,178,0,7,7,123,5,560,3914.418484
Eswatini,SWZ,2018,118,50,56,167,0,7,6,115,5,524,4107.094431
Eswatini,SWZ,2019,112,47,53,158,0,6,6,108,4,494,3889.851226
Ethiopia,ETH,2015,24236,10067,3955,25857,59,2015,1538,20115,1530,89372,640.5419231
Ethiopia,ETH,2016,23334,9725,3813,24963,56,1986,1526,19431,1409,86243,717.1248698
Ethiopia,ETH,2017,23814,9884,3684,25354,58,1918,1484,19745,1372,87313,768.5230154
Ethiopia,ETH,2018,22222,9224,3329,23630,54,1770,1376,18412,1236,81253,771.5248663
Ethiopia,ETH,2019,20133,8384,3000,21462,47,1645,1286,16724,1082,73763,855.7608852
Fiji,FJI,2015,23,2,4,19,0,1,1,9,1,60,5390.714207
Fiji,FJI,2016,22,1,4,18,0,1,1,8,1,56,5651.272721
Fiji,FJI,2017,21,1,4,17,0,1,1,8,0,53,6101.02389
Fiji,FJI,2018,20,1,3,17,0,1,1,7,0,50,6317.413723
Fiji,FJI,2019,19,1,3,16,0,1,1,7,0,48,6175.890653
Finland,FIN,2015,0,0,0,0,0,0,0,0,0,0,42801.90812
Finland,FIN,2016,0,0,0,0,0,0,0,0,0,0,43814.02651
Finland,FIN,2017,0,0,0,0,0,0,0,0,0,0,46412.13648
Finland,FIN,2018,0,0,0,0,0,0,0,0,0,0,49988.91085
Finland,FIN,2019,0,0,0,0,0,0,0,0,0,0,48628.64176
France,FRA,2015,8,0,5,1,0,2,1,0,0,17,36652.92231
France,FRA,2016,8,0,5,1,0,2,1,0,0,17,37062.53357
France,FRA,2017,7,0,4,1,0,2,1,0,0,15,38781.04949
France,FRA,2018,7,0,4,1,0,1,1,0,0,14,41592.7959
France,FRA,2019,7,0,4,1,0,1,1,0,0,14,40578.64429
Gabon,GAB,2015,83,32,36,91,0,7,6,63,1,319,7384.700704
Gabon,GAB,2016,78,30,33,85,0,7,6,58,1,298,6984.419712
Gabon,GAB,2017,75,28,32,81,0,7,6,55,1,285,7230.434912
Gabon,GAB,2018,66,25,28,71,0,6,5,48,1,250,7959.007267
Gabon,GAB,2019,61,23,26,65,0,5,5,43,1,229,7766.996554
Georgia,GEO,2015,5,0,3,4,0,1,1,4,0,18,4014.185944
Georgia,GEO,2016,5,0,3,4,0,1,1,3,0,17,4062.169888
Georgia,GEO,2017,4,0,2,4,0,1,1,3,0,15,4357.000936
Georgia,GEO,2018,4,0,2,3,0,1,1,3,0,14,4722.042423
Georgia,GEO,2019,4,0,2,3,0,1,0,2,0,12,4696.150586
Germany,DEU,2015,4,0,3,0,0,2,1,0,0,10,41103.25644
Germany,DEU,2016,4,0,3,0,0,2,1,0,0,10,42136.12079
Germany,DEU,2017,3,0,3,0,0,2,1,0,0,9,44652.58917
Germany,DEU,2018,3,0,3,0,0,1,1,0,0,8,47973.60762
Germany,DEU,2019,3,0,2,0,0,1,1,0,0,7,46794.89929
Ghana,GHA,2015,2848,1164,572,3079,10,164,122,2128,138,10225,1774.074771
Ghana,GHA,2016,2799,1145,547,3029,10,156,117,2075,129,10007,1971.956935
Ghana,GHA,2017,2790,1142,540,3022,10,153,115,2051,123,9946,2074.290733
Ghana,GHA,2018,2328,958,457,2535,8,136,103,1708,99,8332,2260.860567
Ghana,GHA,2019,2103,867,416,2294,7,127,97,1536,87,7534,2246.625578
Greece,GRC,2015,1,0,0,0,0,0,0,0,0,1,18083.87791
Greece,GRC,2016,1,0,1,0,0,0,0,0,0,2,17923.96681
Greece,GRC,2017,0,0,0,0,0,0,0,0,0,0,18582.08934
Greece,GRC,2018,0,0,0,0,0,0,0,0,0,0,19756.99046
Greece,GRC,2019,0,0,0,0,0,0,0,0,0,0,19133.75776
Greenland,GRL,2015,0,0,0,0,0,0,0,0,0,0,44536.40131
Greenland,GRL,2016,0,0,0,0,0,0,0,0,0,0,48181.87419
Greenland,GRL,2017,0,0,0,0,0,0,0,0,0,0,50766.59942
Greenland,GRL,2018,0,0,0,0,0,0,0,0,0,0,54545.29998
Greenland,GRL,2019,0,0,0,0,0,0,0,0,0,0,53256.24409
Grenada,GRD,2015,0,0,0,0,0,0,0,0,0,0,9096.538652
Grenada,GRD,2016,0,0,0,0,0,0,0,0,0,0,9628.259169
Grenada,GRD,2017,0,0,0,0,0,0,0,0,0,0,10152.83281
Grenada,GRD,2018,0,0,0,0,0,0,0,0,0,0,10466.88221
Grenada,GRD,2019,0,0,0,0,0,0,0,0,0,0,10834.49568
Guam,GUM,2015,0,0,0,0,0,0,0,0,0,0,35829.25036
Guam,GUM,2016,0,0,0,0,0,0,0,0,0,0,36214.00692
Guam,GUM,2017,0,0,0,0,0,0,0,0,0,0,36601.91988
Guam,GUM,2018,0,0,0,0,0,0,0,0,0,0,36556.67491
Guam,GUM,2019,0,0,0,0,0,0,0,0,0,0,38040.58699
Guatemala,GTM,2015,842,160,190,903,6,15,9,555,16,2696,3994.636913
Guatemala,GTM,2016,810,151,183,863,6,14,9,526,15,2577,4173.301666
Guatemala,GTM,2017,743,136,168,786,5,13,8,473,14,2346,4454.04815
Guatemala,GTM,2018,694,125,157,729,5,12,8,433,13,2176,4478.424646
Guatemala,GTM,2019,648,116,147,677,4,11,7,396,12,2018,4638.634943
Guinea,GIN,2015,2668,1092,622,2927,14,169,128,2068,169,9857,769.2554754
Guinea,GIN,2016,2691,1099,621,2949,14,166,126,2079,166,9911,732.2915119
Guinea,GIN,2017,2672,1091,613,2927,14,162,123,2057,160,9819,855.5752706
Guinea,GIN,2018,2455,1001,561,2687,12,148,112,1883,144,9003,955.1112811
Guinea,GIN,2019,2204,901,508,2417,11,136,104,1691,126,8098,1052.588091
Guinea-Bissau,GNB,2015,711,290,124,779,4,50,38,566,47,2609,603.3993815
Guinea-Bissau,GNB,2016,719,292,122,785,4,48,36,569,47,2622,661.4578387
Guinea-Bissau,GNB,2017,669,272,114,733,4,46,35,530,42,2445,738.5499449
Guinea-Bissau,GNB,2018,557,228,98,613,3,42,32,442,34,2049,802.7673851
Guinea-Bissau,GNB,2019,507,208,91,560,3,39,30,403,31,1872,749.453747
Guyana,GUY,2015,15,4,6,16,0,2,1,8,0,52,5576.825852
Guyana,GUY,2016,14,4,5,15,0,2,1,7,0,48,5811.397924
Guyana,GUY,2017,13,4,5,15,0,2,1,6,0,46,6124.95367
Guyana,GUY,2018,13,4,5,14,0,2,1,6,0,45,6145.819277
Guyana,GUY,2019,13,4,5,14,0,1,1,6,0,44,6609.51128
Haiti,HTI,2015,2548,1043,919,3109,48,360,233,2224,89,10573,1386.854191
Haiti,HTI,2016,2743,1120,990,3342,52,383,248,2385,94,11357,1290.380508
Haiti,HTI,2017,2399,984,869,2942,46,349,228,2095,80,9992,1369.063734
Haiti,HTI,2018,2274,931,827,2786,44,331,216,1979,74,9462,1479.345827
Haiti,HTI,2019,2174,889,794,2664,41,315,206,1887,70,9040,1312.770636
Honduras,HND,2015,311,51,147,379,1,40,25,236,5,1195,2302.204411
Honduras,HND,2016,300,48,141,362,1,38,24,224,5,1143,2342.584904
Honduras,HND,2017,292,46,137,349,1,38,24,214,5,1106,2453.727115
Honduras,HND,2018,278,43,130,330,1,36,23,201,4,1046,2510.322943
Honduras,HND,2019,266,40,124,314,1,35,22,190,4,996,2574.356751
Hungary,HUN,2015,3,0,2,1,0,0,0,1,0,7,12720.71202
Hungary,HUN,2016,3,0,1,1,0,0,0,1,0,6,13107.37791
Hungary,HUN,2017,2,0,1,1,0,0,0,1,0,5,14623.69665
Hungary,HUN,2018,2,0,1,1,0,0,0,0,0,4,16427.37276
Hungary,HUN,2019,2,0,1,1,0,0,0,0,0,4,16735.65978
Iceland,ISL,2015,0,0,0,0,0,0,0,0,0,0,52951.68151
Iceland,ISL,2016,0,0,0,0,0,0,0,0,0,0,61987.92636
Iceland,ISL,2017,0,0,0,0,0,0,0,0,0,0,72010.14903
Iceland,ISL,2018,0,0,0,0,0,0,0,0,0,0,74469.80406
Iceland,ISL,2019,0,0,0,0,0,0,0,0,0,0,68941.46223
India,IND,2015,66283,18546,16961,70731,716,12514,7460,48358,2346,243915,1605.605445
India,IND,2016,56145,15557,14413,59857,552,10721,6425,39811,1833,205314,1732.554242
India,IND,2017,53100,14666,13462,56646,480,10225,6167,36439,1627,192812,1980.66702
India,IND,2018,47126,12836,11629,49988,401,8926,5402,30680,1378,168366,1998.259076
India,IND,2019,42897,11498,10277,45187,347,7901,4796,26180,1199,150282,2072.244897
Indonesia,IDN,2015,9790,1594,3029,9553,45,895,570,3926,274,29676,3331.695115
Indonesia,IDN,2016,8725,1399,2677,8493,38,796,509,3368,231,26236,3562.816334
Indonesia,IDN,2017,8298,1308,2522,8058,34,754,485,3082,208,24749,3837.578024
Indonesia,IDN,2018,7719,1189,2277,7460,32,679,441,2743,186,22726,3893.859578
Indonesia,IDN,2019,7150,1079,2071,6889,29,623,408,2442,166,20857,4135.233344
Iraq,IRQ,2015,374,28,149,370,6,103,78,154,4,1266,4688.318017
Iraq,IRQ,2016,323,23,127,316,5,89,68,125,3,1079,4550.658638
Iraq,IRQ,2017,303,22,119,294,4,83,64,110,3,1002,4985.452879
Iraq,IRQ,2018,269,19,106,258,4,73,57,90,2,878,5915.850854
Iraq,IRQ,2019,244,17,96,232,3,67,52,77,2,790,5943.458455
Ireland,IRL,2015,1,0,1,0,0,0,0,0,0,2,62012.48493
Ireland,IRL,2016,1,0,1,0,0,0,0,0,0,2,62861.63912
Ireland,IRL,2017,1,0,0,0,0,0,0,0,0,1,69774.02897
Ireland,IRL,2018,1,0,0,0,0,0,0,0,0,1,79107.60499
Ireland,IRL,2019,1,0,0,0,0,0,0,0,0,1,80886.61574
Israel,ISR,2015,3,0,2,0,0,1,0,0,0,6,35808.43643
Israel,ISR,2016,3,0,2,0,0,1,0,0,0,6,37330.2618
Israel,ISR,2017,3,0,2,0,0,0,0,0,0,5,40774.12961
Israel,ISR,2018,3,0,2,0,0,0,0,0,0,5,42063.45313
Israel,ISR,2019,2,0,1,0,0,0,0,0,0,3,43951.24773
Italy,ITA,2015,5,0,3,1,0,1,1,0,0,11,30242.38614
Italy,ITA,2016,5,0,3,0,0,1,1,0,0,10,30960.73151
Italy,ITA,2017,4,0,3,0,0,1,1,0,0,9,32406.72032
Italy,ITA,2018,3,0,3,0,0,1,1,0,0,8,34622.16967
Italy,ITA,2019,3,0,2,0,0,1,1,0,0,7,33673.47545
Jamaica,JAM,2015,4,1,2,6,0,2,1,3,0,19,4907.927415
Jamaica,JAM,2016,4,1,2,6,0,1,1,3,0,18,4843.7499
Jamaica,JAM,2017,4,1,2,5,0,1,1,3,0,17,5070.099503
Jamaica,JAM,2018,3,1,2,5,0,1,1,2,0,15,5359.993789
Jamaica,JAM,2019,3,1,2,5,0,1,1,2,0,15,5369.498371
Japan,JPN,2015,23,1,8,6,0,2,1,1,0,42,34960.63938
Japan,JPN,2016,22,1,7,5,0,2,1,1,0,39,39375.47316
Japan,JPN,2017,20,1,7,5,0,2,1,1,0,37,38834.05293
Japan,JPN,2018,19,1,6,5,0,2,1,1,0,35,39727.1166
Japan,JPN,2019,18,1,6,4,0,1,1,1,0,32,40458.00188
Jordan,JOR,2015,22,2,10,15,0,3,3,3,0,58,4164.108769
Jordan,JOR,2016,22,2,11,15,0,3,3,3,0,59,4175.356602
Jordan,JOR,2017,22,2,11,15,0,3,3,3,0,59,4231.51828
Jordan,JOR,2018,21,2,10,15,0,3,3,2,0,56,4308.151074
Jordan,JOR,2019,21,2,10,14,0,3,3,2,0,55,4405.487109
Kazakhstan,KAZ,2015,33,3,13,27,0,3,2,23,1,105,10510.77189
Kazakhstan,KAZ,2016,31,3,12,25,0,3,2,21,1,98,7714.841844
Kazakhstan,KAZ,2017,28,2,11,22,0,3,2,18,1,87,9247.581331
Kazakhstan,KAZ,2018,28,2,11,22,0,3,2,18,1,87,9812.626371
Kazakhstan,KAZ,2019,26,2,10,20,0,3,2,17,1,81,9812.595808
Kenya,KEN,2015,7378,3599,2164,9211,27,1342,1110,6852,623,32306,1464.554009
Kenya,KEN,2016,6491,3191,1995,8163,23,1242,1029,6065,536,28735,1525.235192
Kenya,KEN,2017,6088,2982,1904,7627,22,1152,958,5649,494,26876,1633.491216
Kenya,KEN,2018,5599,2749,1817,7028,21,1082,901,5217,448,24862,1794.091175
Kenya,KEN,2019,5202,2564,1753,6552,19,1030,860,4864,410,23254,1909.304537
Kiribati,KIR,2015,8,1,1,8,0,0,0,5,1,24,1535.162783
Kiribati,KIR,2016,7,1,1,7,0,0,0,5,1,22,1586.344978
Kiribati,KIR,2017,7,1,1,7,0,0,0,5,0,21,1648.594957
Kiribati,KIR,2018,7,1,1,7,0,0,0,4,0,20,1693.950155
Kiribati,KIR,2019,6,1,1,6,0,0,0,4,0,18,1512.95277
Kuwait,KWT,2015,2,0,1,1,0,0,0,0,0,4,29869.55275
Kuwait,KWT,2016,2,0,1,1,0,0,0,0,0,4,27653.15762
Kuwait,KWT,2017,2,0,1,1,0,0,0,0,0,4,29759.46747
Kuwait,KWT,2018,2,0,1,1,0,0,0,0,0,4,33399.06048
Kuwait,KWT,2019,2,0,1,1,0,0,0,0,0,4,32373.25111
Latvia,LVA,2015,0,0,0,0,0,0,0,0,0,0,13786.4568
Latvia,LVA,2016,0,0,0,0,0,0,0,0,0,0,14331.75159
Latvia,LVA,2017,0,0,0,0,0,0,0,0,0,0,15695.11515
Latvia,LVA,2018,0,0,0,0,0,0,0,0,0,0,17865.03109
Latvia,LVA,2019,0,0,0,0,0,0,0,0,0,0,17926.84159
Lebanon,LBN,2015,13,2,5,13,0,2,1,1,0,37,7643.008718
Lebanon,LBN,2016,12,1,5,12,0,2,1,1,0,34,7617.689634
Lebanon,LBN,2017,11,1,5,11,0,1,1,1,0,31,7776.034642
Lebanon,LBN,2018,10,1,4,10,0,1,1,1,0,28,8003.827612
Lebanon,LBN,2019,10,1,4,9,0,1,1,0,0,26,7527.44306
Lesotho,LSO,2015,333,141,97,359,0,19,17,265,19,1250,1146.064688
Lesotho,LSO,2016,320,136,91,346,0,19,17,255,18,1202,1018.784872
Lesotho,LSO,2017,300,127,84,324,0,17,15,238,16,1121,1102.629728
Lesotho,LSO,2018,289,122,79,311,0,16,14,229,15,1075,1192.48432
Lesotho,LSO,2019,278,118,76,300,0,15,14,220,14,1035,1153.388058
Liberia,LBR,2015,1586,688,340,1784,22,96,76,1239,65,5896,721.5810505
Liberia,LBR,2016,1416,616,301,1596,19,87,69,1105,56,5265,740.914906
Liberia,LBR,2017,1255,548,267,1420,17,81,64,979,48,4679,721.085044
Liberia,LBR,2018,1108,485,237,1256,15,73,58,864,41,4137,710.2659984
Liberia,LBR,2019,1044,456,223,1182,14,67,53,812,38,3889,672.3404992
Libya,LBY,2015,12,1,4,9,0,1,1,3,0,31,7590.442981
Libya,LBY,2016,12,1,4,9,0,1,1,3,0,31,7687.882134
Libya,LBY,2017,12,1,3,9,0,1,1,3,0,30,10205.32483
Libya,LBY,2018,11,1,3,9,0,1,1,3,0,29,11482.13364
Libya,LBY,2019,11,1,3,8,0,1,1,3,0,28,10218.04303
Lithuania,LTU,2015,1,0,1,1,0,0,0,0,0,3,14263.96458
Lithuania,LTU,2016,1,0,1,1,0,0,0,0,0,3,15008.31324
Lithuania,LTU,2017,1,0,1,1,0,0,0,0,0,3,16885.40739
Lithuania,LTU,2018,1,0,0,0,0,0,0,0,0,1,19186.18128
Lithuania,LTU,2019,1,0,0,0,0,0,0,0,0,1,19575.76848
Luxembourg,LUX,2015,0,0,0,0,0,0,0,0,0,0,105462.0126
Luxembourg,LUX,2016,0,0,0,0,0,0,0,0,0,0,106899.2935
Luxembourg,LUX,2017,0,0,0,0,0,0,0,0,0,0,110193.2138
Luxembourg,LUX,2018,0,0,0,0,0,0,0,0,0,0,117254.7404
Luxembourg,LUX,2019,0,0,0,0,0,0,0,0,0,0,113218.7133
Madagascar,MDG,2015,11305,4464,2333,11819,60,1016,791,9145,647,41580,467.2354316
Madagascar,MDG,2016,10642,4217,2192,11158,56,979,765,8632,589,39230,475.9555568
Madagascar,MDG,2017,10338,4103,2099,10848,54,950,744,8390,553,38079,515.2933234
Madagascar,MDG,2018,9593,3818,1943,10088,50,894,702,7798,500,35386,518.401123
Madagascar,MDG,2019,8899,3556,1818,9395,45,855,673,7260,454,32955,526.2245722
Malawi,MWI,2015,2431,1117,458,2920,11,164,132,2167,144,9544,380.5969877
Malawi,MWI,2016,2289,1059,449,2766,10,169,135,2052,132,9061,315.7779871
Malawi,MWI,2017,2207,1026,439,2681,10,175,141,1988,125,8792,506.1372944
Malawi,MWI,2018,2052,954,397,2490,9,156,126,1845,115,8144,544.5934593
Malawi,MWI,2019,1877,875,365,2283,8,146,119,1691,104,7468,591.8470837
Malaysia,MYS,2015,49,2,13,33,0,3,2,4,0,106,9955.242722
Malaysia,MYS,2016,42,2,12,28,0,3,2,4,0,93,9817.78709
Malaysia,MYS,2017,41,2,12,28,0,3,2,3,0,91,10259.30481
Malaysia,MYS,2018,41,2,12,28,0,3,2,3,0,91,11380.07922
Malaysia,MYS,2019,41,2,12,27,0,3,2,3,0,90,11432.82603
Maldives,MDV,2015,2,0,1,2,0,0,0,1,0,6,9033.41027
Maldives,MDV,2016,2,0,1,2,0,0,0,1,0,6,9209.443564
Maldives,MDV,2017,2,0,0,2,0,0,0,1,0,5,9577.346946
Maldives,MDV,2018,2,0,0,2,0,0,0,1,0,5,10279.07998
Maldives,MDV,2019,2,0,0,2,0,0,0,1,0,5,10561.61351
Mali,MLI,2015,5091,2008,1152,5407,10,446,338,4016,345,18813,751.4728892
Mali,MLI,2016,5622,2197,1221,5919,11,443,336,4395,378,20522,780.7235497
Mali,MLI,2017,5744,2238,1233,6029,12,438,331,4475,383,20883,830.0214445
Mali,MLI,2018,5500,2144,1195,5776,11,423,320,4286,360,20015,894.8048435
Mali,MLI,2019,5271,2058,1160,5542,11,410,311,4112,340,19215,879.0431675
Malta,MLT,2015,0,0,0,0,0,0,0,0,0,0,24921.60368
Malta,MLT,2016,0,0,0,0,0,0,0,0,0,0,25624.53727
Malta,MLT,2017,0,0,0,0,0,0,0,0,0,0,28857.01987
Malta,MLT,2018,0,0,0,0,0,0,0,0,0,0,31573.11656
Malta,MLT,2019,0,0,0,0,0,0,0,0,0,0,31185.64962
Marshall Islands,MHL,2015,1,0,0,1,0,0,0,0,0,2,3199.886846
Marshall Islands,MHL,2016,1,0,0,1,0,0,0,0,0,2,3490.998389
Marshall Islands,MHL,2017,1,0,0,1,0,0,0,0,0,2,3672.576783
Marshall Islands,MHL,2018,1,0,0,1,0,0,0,0,0,2,3793.550983
Marshall Islands,MHL,2019,1,0,0,1,0,0,0,0,0,2,4073.10983
Mauritania,MRT,2015,970,354,226,1021,2,86,70,750,28,3507,1524.073317
Mauritania,MRT,2016,874,320,205,924,2,82,67,677,25,3176,1536.855615
Mauritania,MRT,2017,812,298,192,862,2,79,65,630,23,2963,1587.858904
Mauritania,MRT,2018,694,255,166,739,1,71,59,538,19,2542,1669.773476
Mauritania,MRT,2019,644,236,154,685,1,65,55,498,17,2355,1743.301317
Mauritius,MUS,2015,3,0,1,1,0,0,0,0,0,5,9260.447303
Mauritius,MUS,2016,3,0,1,1,0,0,0,0,0,5,9681.618567
Mauritius,MUS,2017,3,0,1,1,0,0,0,0,0,5,10484.90836
Mauritius,MUS,2018,3,0,1,1,0,0,0,0,0,5,11208.34382
Mauritius,MUS,2019,3,0,1,1,0,0,0,0,0,5,11097.16898
Mexico,MEX,2015,790,107,334,639,2,44,28,291,23,2258,9616.645558
Mexico,MEX,2016,732,98,305,583,2,37,23,262,21,2063,8744.515559
Mexico,MEX,2017,668,88,277,525,1,32,20,232,18,1861,9287.849587
Mexico,MEX,2018,657,86,274,510,1,33,21,219,17,1818,9686.984927
Mexico,MEX,2019,627,82,263,481,1,32,21,202,16,1725,9950.217622
Moldova,MDA,2015,2,0,2,3,0,1,1,2,0,11,2732.46073
Moldova,MDA,2016,2,0,1,3,0,1,1,2,0,10,2880.43529
Moldova,MDA,2017,2,0,1,2,0,1,1,2,0,9,3509.686829
Moldova,MDA,2018,1,0,1,2,0,1,1,2,0,8,4230.626969
Moldova,MDA,2019,1,0,1,2,0,1,0,2,0,7,4492.10574
Monaco,MCO,2015,0,0,0,0,0,0,0,0,0,0,165989.5051
Monaco,MCO,2016,0,0,0,0,0,0,0,0,0,0,170028.6557
Monaco,MCO,2017,0,0,0,0,0,0,0,0,0,0,167517.0597
Monaco,MCO,2018,0,0,0,0,0,0,0,0,0,0,185978.6093
Monaco,MCO,2019,0,0,0,0,0,0,0,0,0,0,189487.1471
Mongolia,MNG,2015,34,8,13,42,0,3,2,34,0,136,3875.321675
Mongolia,MNG,2016,32,8,12,40,0,3,2,32,0,129,3658.3903
Mongolia,MNG,2017,33,7,12,40,0,3,2,32,0,129,3687.100003
Mongolia,MNG,2018,30,7,11,37,0,3,2,30,0,120,4156.84697
Mongolia,MNG,2019,27,6,10,33,0,2,2,27,0,107,4404.84583
Montenegro,MNE,2015,0,0,0,0,0,0,0,0,0,0,6517.189614
Montenegro,MNE,2016,0,0,0,0,0,0,0,0,0,0,7033.438006
Montenegro,MNE,2017,0,0,0,0,0,0,0,0,0,0,7803.362579
Montenegro,MNE,2018,0,0,0,0,0,0,0,0,0,0,8850.378404
Montenegro,MNE,2019,0,0,0,0,0,0,0,0,0,0,8909.890151
Morocco,MAR,2015,1070,195,407,1077,3,109,79,396,21,3357,2875.258057
Morocco,MAR,2016,967,172,365,966,2,99,72,342,18,3003,2896.722168
Morocco,MAR,2017,878,153,331,872,2,91,67,297,16,2707,3035.454346
Morocco,MAR,2018,768,130,289,755,2,80,60,246,13,2343,3226.98291
Morocco,MAR,2019,662,110,254,648,2,73,55,203,11,2018,3235.000732
Mozambique,MOZ,2015,3972,1686,1153,4521,36,179,136,3382,262,15327,589.8594314
Mozambique,MOZ,2016,3638,1549,1064,4152,32,166,127,3105,233,14066,428.9264503
Mozambique,MOZ,2017,3416,1459,1016,3910,28,160,124,2920,211,13244,461.4149278
Mozambique,MOZ,2018,3117,1335,928,3573,25,146,113,2666,188,12091,503.3020092
Mozambique,MOZ,2019,3179,1361,915,3643,27,139,108,2716,190,12278,506.8171391
Myanmar,MMR,2015,1989,450,638,2116,5,137,84,1355,51,6825,1196.743333
Myanmar,MMR,2016,1868,418,589,1982,5,123,76,1252,46,6359,1136.610627
Myanmar,MMR,2017,1713,382,545,1828,4,119,74,1139,40,5844,1151.114464
Myanmar,MMR,2018,1495,332,483,1604,3,111,70,984,34,5116,1250.173685
Myanmar,MMR,2019,1369,301,446,1470,3,102,64,889,30,4674,1271.111536
Namibia,NAM,2015,180,51,63,182,0,9,8,120,4,617,4896.61526
Namibia,NAM,2016,170,48,60,172,0,8,7,112,3,580,4546.986688
Namibia,NAM,2017,167,47,59,168,0,8,7,108,3,567,5367.114674
Namibia,NAM,2018,161,44,56,161,0,7,7,103,3,542,5588.392864
Namibia,NAM,2019,150,41,52,150,0,7,6,95,3,504,5028.295342
Nauru,NRU,2015,0,0,0,0,0,0,0,0,0,0,8341.012278
Nauru,NRU,2016,0,0,0,0,0,0,0,0,0,0,9521.042101
Nauru,NRU,2017,0,0,0,0,0,0,0,0,0,0,10339.38548
Nauru,NRU,2018,0,0,0,0,0,0,0,0,0,0,11614.66508
Nauru,NRU,2019,0,0,0,0,0,0,0,0,0,0,11029.73558
Nepal,NPL,2015,828,216,164,968,2,133,85,582,13,2991,901.7496077
Nepal,NPL,2016,724,185,142,847,2,118,76,501,11,2606,899.523581
Nepal,NPL,2017,678,171,132,795,2,113,74,463,10,2438,1048.453755
Nepal,NPL,2018,558,139,111,659,1,99,65,378,8,2018,1178.525957
Nepal,NPL,2019,504,123,100,595,1,89,58,337,7,1814,1194.957236
Netherlands,NLD,2015,1,0,1,0,0,0,0,0,0,2,45193.40322
Netherlands,NLD,2016,1,0,1,0,0,0,0,0,0,2,46039.10593
Netherlands,NLD,2017,1,0,1,0,0,0,0,0,0,2,48675.22234
Netherlands,NLD,2018,1,0,1,0,0,0,0,0,0,2,53044.53244
Netherlands,NLD,2019,1,0,1,0,0,0,0,0,0,2,52476.27325
New Zealand,NZL,2015,2,0,1,1,0,0,0,0,0,4,38630.72659
New Zealand,NZL,2016,1,0,1,0,0,0,0,0,0,2,40058.19616
New Zealand,NZL,2017,1,0,1,0,0,0,0,0,0,2,42924.9956
New Zealand,NZL,2018,1,0,1,0,0,0,0,0,0,2,43250.44097
New Zealand,NZL,2019,1,0,1,0,0,0,0,0,0,2,42865.23364
Nicaragua,NIC,2015,67,15,31,82,0,3,2,54,0,254,2049.851666
Nicaragua,NIC,2016,65,14,29,79,0,3,2,51,0,243,2107.57406
Nicaragua,NIC,2017,63,14,28,76,0,3,2,49,0,235,2159.161926
Nicaragua,NIC,2018,59,13,26,71,0,3,2,45,0,219,2014.575189
Nicaragua,NIC,2019,55,12,25,66,0,2,2,41,0,203,1924.471816
Niger,NER,2015,21027,7457,3833,20612,82,887,693,15870,1929,72390,484.1531374
Niger,NER,2016,21624,7665,3959,21191,85,899,702,16311,1961,74397,500.2149113
Niger,NER,2017,22084,7833,4083,21662,88,928,726,16667,1976,76047,517.7715723
Niger,NER,2018,20743,7382,3951,20414,82,932,730,15703,1843,71780,570.723922
Niger,NER,2019,20086,7159,3881,19794,80,918,722,15219,1773,69632,554.0993893
Nigeria,NGA,2015,132520,49319,32812,133138,498,5346,4047,91031,2813,451524,2687.480056
Nigeria,NGA,2016,130048,48272,30818,130276,498,5004,3798,88263,2603,439580,2176.002772
Nigeria,NGA,2017,128060,47550,29780,128291,495,4899,3732,86141,2422,431370,1968.565398
Nigeria,NGA,2018,120906,44934,28202,121176,467,4643,3545,80764,2230,406867,2027.778549
Nigeria,NGA,2019,114803,42733,27099,115247,444,4470,3419,76445,2084,386744,2229.858652
North Macedonia,MKD,2015,1,0,1,1,0,0,0,0,0,3,4861.553971
North Macedonia,MKD,2016,1,0,1,1,0,0,0,0,0,3,5149.589074
North Macedonia,MKD,2017,1,0,1,1,0,0,0,0,0,3,5450.492881
North Macedonia,MKD,2018,1,0,1,1,0,0,0,0,0,3,6108.740108
North Macedonia,MKD,2019,1,0,1,1,0,0,0,0,0,3,6070.388054
Northern Mariana Islands,MNP,2015,0,0,0,0,0,0,0,0,0,0,16314.38355
Northern Mariana Islands,MNP,2016,0,0,0,0,0,0,0,0,0,0,21891.18479
Northern Mariana Islands,MNP,2017,0,0,0,0,0,0,0,0,0,0,27584.74351
Northern Mariana Islands,MNP,2018,0,0,0,0,0,0,0,0,0,0,22886.67405
Northern Mariana Islands,MNP,2019,0,0,0,0,0,0,0,0,0,0,20659.64029
Norway,NOR,2015,0,0,0,0,0,0,0,0,0,0,74355.51586
Norway,NOR,2016,0,0,0,0,0,0,0,0,0,0,70460.56053
Norway,NOR,2017,0,0,0,0,0,0,0,0,0,0,75496.75406
Norway,NOR,2018,0,0,0,0,0,0,0,0,0,0,82267.80932
Norway,NOR,2019,0,0,0,0,0,0,0,0,0,0,75719.7529
Oman,OMN,2015,6,1,2,5,0,1,1,0,0,16,18444.927
Oman,OMN,2016,6,1,2,5,0,1,1,0,0,16,16772.73921
Oman,OMN,2017,6,1,2,5,0,1,1,0,0,16,17329.18546
Oman,OMN,2018,6,1,2,5,0,1,1,0,0,16,18947.3665
Oman,OMN,2019,6,1,2,5,0,1,1,0,0,16,17700.70349
Pakistan,PAK,2015,35922,8552,8746,36861,674,2730,1787,18509,413,114194,1356.667831
Pakistan,PAK,2016,33812,8001,8062,34653,626,2502,1638,17172,375,106841,1540.184503
Pakistan,PAK,2017,32460,7628,7544,33296,587,2400,1572,16274,346,102107,1631.531909
Pakistan,PAK,2018,28987,6729,6569,29748,506,2148,1408,14269,298,90662,1678.04315
Pakistan,PAK,2019,26789,6133,5914,27484,452,1973,1296,12949,267,83257,1481.813864
Palau,PLW,2015,0,0,0,0,0,0,0,0,0,0,15876.46193
Palau,PLW,2016,0,0,0,0,0,0,0,0,0,0,16835.986
Palau,PLW,2017,0,0,0,0,0,0,0,0,0,0,16019.98989
Palau,PLW,2018,0,0,0,0,0,0,0,0,0,0,15895.2599
Palau,PLW,2019,0,0,0,0,0,0,0,0,0,0,15232.48708
Panama,PAN,2015,47,9,19,53,0,2,1,30,0,161,13630.30115
Panama,PAN,2016,48,9,19,53,0,2,1,30,0,162,14343.98026
Panama,PAN,2017,45,8,18,50,0,2,1,26,0,150,15146.40851
Panama,PAN,2018,43,7,17,47,0,2,1,24,0,141,15544.99908
Panama,PAN,2019,41,7,17,44,0,1,1,21,0,132,15774.25495
Papua New Guinea,PNG,2015,1173,277,209,1218,8,85,52,928,36,3986,2679.346579
Papua New Guinea,PNG,2016,1187,277,208,1230,8,82,51,935,36,4014,2509.629637
Papua New Guinea,PNG,2017,1212,281,210,1254,8,82,51,951,35,4084,2695.249009
Papua New Guinea,PNG,2018,1162,267,200,1201,7,78,49,910,33,3907,2801.371393
Papua New Guinea,PNG,2019,1121,256,192,1159,7,76,47,876,31,3765,2820.306397
Paraguay,PRY,2015,36,8,22,42,0,2,1,20,1,132,5413.776021
Paraguay,PRY,2016,33,8,21,39,0,2,1,19,1,124,5324.609068
Paraguay,PRY,2017,34,8,22,40,0,2,1,19,1,127,5678.869972
Paraguay,PRY,2018,34,8,22,40,0,2,1,18,1,126,5782.78455
Paraguay,PRY,2019,34,8,22,40,0,2,1,18,1,126,5383.574422
Peru,PER,2015,164,49,50,241,1,9,6,168,4,692,6229.100674
Peru,PER,2016,163,49,51,240,1,9,6,165,4,688,6204.996457
Peru,PER,2017,160,48,51,234,1,9,6,159,4,672,6710.507602
Peru,PER,2018,161,48,51,235,1,9,6,158,4,673,6958.497262
Peru,PER,2019,160,47,51,232,1,9,6,154,3,663,7023.077526
Philippines,PHL,2015,3301,461,835,3208,29,73,38,1090,144,9179,3001.043182
Philippines,PHL,2016,3087,424,776,3000,26,69,36,991,129,8538,3073.654686
Philippines,PHL,2017,2887,389,727,2807,24,67,35,896,115,7947,3123.245642
Philippines,PHL,2018,2588,341,653,2512,21,62,32,772,99,7080,3252.110274
Philippines,PHL,2019,2393,309,603,2320,18,58,31,692,88,6512,3485.340844
Poland,POL,2015,3,0,2,2,0,2,1,1,0,11,12578.49547
Poland,POL,2016,3,0,2,2,0,2,1,1,0,11,12447.43959
Poland,POL,2017,3,0,2,2,0,1,1,0,0,9,13864.68176
Poland,POL,2018,3,0,2,2,0,1,1,0,0,9,15468.48222
Poland,POL,2019,2,0,2,2,0,1,1,0,0,8,15732.20313
Portugal,PRT,2015,2,0,2,0,0,1,1,1,0,7,19250.10654
Portugal,PRT,2016,2,0,2,0,0,1,1,1,0,7,19991.97249
Portugal,PRT,2017,1,0,1,0,0,1,1,0,0,4,21490.42986
Portugal,PRT,2018,1,0,1,0,0,1,0,0,0,3,23562.55452
Portugal,PRT,2019,1,0,1,0,0,1,0,0,0,3,23330.81729
Puerto Rico,PRI,2015,3,0,1,3,0,0,0,0,0,7,29763.4883
Puerto Rico,PRI,2016,2,0,1,3,0,0,0,0,0,6,30627.1634
Puerto Rico,PRI,2017,2,0,1,2,0,0,0,0,0,5,31108.76057
Puerto Rico,PRI,2018,2,0,1,2,0,0,0,0,0,5,31604.70151
Puerto Rico,PRI,2019,2,0,1,2,0,0,0,0,0,5,32850.54861
Qatar,QAT,2015,2,0,1,1,0,0,0,0,0,4,63039.11263
Qatar,QAT,2016,2,0,1,1,0,0,0,0,0,4,57162.96801
Qatar,QAT,2017,2,0,1,1,0,0,0,0,0,4,59124.86727
Qatar,QAT,2018,1,0,1,1,0,0,0,0,0,3,65907.94843
Qatar,QAT,2019,1,0,1,1,0,0,0,0,0,3,62087.97413
Romania,ROU,2015,9,0,5,7,0,2,1,5,0,29,8969.148921
Romania,ROU,2016,9,0,5,7,0,2,1,4,0,28,9548.587403
Romania,ROU,2017,9,0,5,7,0,2,1,4,0,28,10807.00917
Romania,ROU,2018,8,0,5,6,0,2,1,4,0,26,12398.98198
Romania,ROU,2019,8,0,4,5,0,1,1,3,0,22,12899.34611
Rwanda,RWA,2015,1440,653,114,1638,15,63,55,1207,57,5242,751.1105055
Rwanda,RWA,2016,1330,605,104,1518,13,61,54,1120,50,4855,744.7943858
Rwanda,RWA,2017,1239,566,96,1417,12,59,53,1046,45,4533,772.2948846
Rwanda,RWA,2018,1168,534,89,1336,11,55,50,987,41,4271,783.8127901
Rwanda,RWA,2019,1051,481,81,1204,9,51,47,890,35,3849,820.1772393
Samoa,WSM,2015,1,0,0,1,0,0,0,0,0,2,4073.729083
Samoa,WSM,2016,1,0,0,1,0,0,0,0,0,2,4109.663296
Samoa,WSM,2017,1,0,0,1,0,0,0,0,0,2,4258.978675
Samoa,WSM,2018,1,0,0,1,0,0,0,0,0,2,4187.504787
Samoa,WSM,2019,1,0,0,1,0,0,0,0,0,2,4322.868416
San Marino,SMR,2015,0,0,0,0,0,0,0,0,0,0,42662.90241
San Marino,SMR,2016,0,0,0,0,0,0,0,0,0,0,43828.23155
San Marino,SMR,2017,0,0,0,0,0,0,0,0,0,0,45399.02898
San Marino,SMR,2018,0,0,0,0,0,0,0,0,0,0,48996.59299
San Marino,SMR,2019,0,0,0,0,0,0,0,0,0,0,47727.13489
Sao Tome and Principe,STP,2015,3,1,1,3,0,0,0,2,0,10,1584.775657
Sao Tome and Principe,STP,2016,3,1,1,3,0,0,0,2,0,10,1700.097997
Sao Tome and Principe,STP,2017,3,1,0,3,0,0,0,2,0,9,1813.807434
Sao Tome and Principe,STP,2018,2,1,0,2,0,0,0,1,0,6,1953.513257
Sao Tome and Principe,STP,2019,2,1,0,2,0,0,0,1,0,6,1987.579702
Saudi Arabia,SAU,2015,49,5,14,33,0,2,2,5,0,110,20627.92178
Saudi Arabia,SAU,2016,46,4,13,30,0,2,2,5,0,102,19878.76817
Saudi Arabia,SAU,2017,42,4,12,27,0,2,1,4,0,92,20802.46179
Saudi Arabia,SAU,2018,39,4,11,25,0,2,1,3,0,85,24228.83904
Saudi Arabia,SAU,2019,36,3,11,23,0,1,1,3,0,78,23450.56202
Senegal,SEN,2015,3116,1128,643,3255,10,170,135,2303,93,10853,1219.249415
Senegal,SEN,2016,3131,1131,634,3267,10,167,133,2321,90,10884,1269.903294
Senegal,SEN,2017,2948,1065,595,3082,9,162,129,2195,81,10266,1361.701972
Senegal,SEN,2018,2558,925,521,2680,8,146,117,1911,69,8935,1458.081584
Senegal,SEN,2019,2297,831,480,2412,7,136,110,1721,60,8054,1435.830367
Serbia,SRB,2015,2,0,1,1,0,0,0,0,0,4,5588.980728
Serbia,SRB,2016,2,0,1,1,0,0,0,0,0,4,5765.200762
Serbia,SRB,2017,2,0,1,1,0,0,0,0,0,4,6292.543629
Serbia,SRB,2018,2,0,1,1,0,0,0,0,0,4,7252.401858
Serbia,SRB,2019,1,0,1,1,0,0,0,0,0,3,7417.203649
Seychelles,SYC,2015,0,0,0,0,0,0,0,0,0,0,15157.50183
Seychelles,SYC,2016,0,0,0,0,0,0,0,0,0,0,15740.11063
Seychelles,SYC,2017,0,0,0,0,0,0,0,0,0,0,16416.72607
Seychelles,SYC,2018,0,0,0,0,0,0,0,0,0,0,16910.66792
Seychelles,SYC,2019,0,0,0,0,0,0,0,0,0,0,17252.02078
Sierra Leone,SLE,2015,1187,455,289,1235,16,43,33,906,72,4236,588.2288628
Sierra Leone,SLE,2016,1160,444,268,1208,16,42,32,884,68,4122,501.4151655
Sierra Leone,SLE,2017,1162,445,257,1210,16,41,31,884,66,4112,496.6822949
Sierra Leone,SLE,2018,1078,413,239,1123,15,38,29,820,60,3815,533.9915333
Sierra Leone,SLE,2019,1008,386,230,1051,13,36,28,766,55,3573,521.7548367
Singapore,SGP,2015,1,0,0,0,0,0,0,0,0,1,55646.61875
Singapore,SGP,2016,1,0,0,0,0,0,0,0,0,1,56860.41324
Singapore,SGP,2017,0,0,0,0,0,0,0,0,0,0,61150.7272
Singapore,SGP,2018,0,0,0,0,0,0,0,0,0,0,66859.33834
Singapore,SGP,2019,0,0,0,0,0,0,0,0,0,0,65831.18943
Slovenia,SVN,2015,0,0,0,0,0,0,0,0,0,0,20890.16643
Slovenia,SVN,2016,0,0,0,0,0,0,0,0,0,0,21678.35947
Slovenia,SVN,2017,0,0,0,0,0,0,0,0,0,0,23514.02546
Slovenia,SVN,2018,0,0,0,0,0,0,0,0,0,0,26116.85636
Slovenia,SVN,2019,0,0,0,0,0,0,0,0,0,0,25942.95477
Solomon Islands,SLB,2015,39,5,7,42,1,3,2,33,3,135,2167.155394
Solomon Islands,SLB,2016,37,4,6,40,1,3,2,31,3,127,2225.475204
Solomon Islands,SLB,2017,35,4,6,38,1,3,2,30,3,122,2332.898555
Solomon Islands,SLB,2018,33,4,6,35,0,3,2,28,2,113,2411.897904
Solomon Islands,SLB,2019,30,3,5,32,0,3,2,25,2,102,2344.048976
Somalia,SOM,2015,7300,2877,2296,7582,64,413,433,5673,725,27363,386.437817
Somalia,SOM,2016,7835,3090,2469,8140,70,437,459,6095,777,29372,389.8220615
Somalia,SOM,2017,7554,2993,2399,7887,68,435,460,5907,749,28452,384.4634014
Somalia,SOM,2018,7581,3003,2372,7908,71,429,454,5927,751,28496,389.8313955
Somalia,SOM,2019,7907,3125,2443,8235,76,436,459,6175,783,29639,419.3948077
South Africa,ZAF,2015,3637,1083,1618,3268,4,163,153,1943,77,11946,6259.839681
South Africa,ZAF,2016,3310,981,1455,2966,4,145,136,1743,68,10808,5756.965741
South Africa,ZAF,2017,3185,941,1384,2852,4,141,133,1657,64,10361,6690.939847
South Africa,ZAF,2018,3026,888,1303,2696,4,134,126,1544,60,9781,7005.095413
South Africa,ZAF,2019,2883,841,1244,2557,4,129,122,1447,56,9283,6624.761865
South Sudan,SSD,2015,3725,1462,761,3846,6,235,170,2925,166,13296,1119.651437
Spain,ESP,2015,4,0,3,0,0,2,1,0,0,10,25742.36883
Spain,ESP,2016,4,0,3,0,0,2,1,0,0,10,26523.34822
Spain,ESP,2017,4,0,3,0,0,1,1,0,0,9,28170.16786
Spain,ESP,2018,3,0,3,0,0,1,1,0,0,8,30364.57994
Spain,ESP,2019,3,0,3,0,0,1,1,0,0,8,29554.49052
Sri Lanka,LKA,2015,28,3,4,25,0,2,1,14,0,77,3843.780672
Sri Lanka,LKA,2016,25,3,3,23,0,2,1,12,0,69,3886.291502
Sri Lanka,LKA,2017,24,2,3,21,0,2,1,11,0,64,4077.043841
Sri Lanka,LKA,2018,21,2,3,19,0,1,1,10,0,57,4059.20823
Sri Lanka,LKA,2019,19,2,3,17,0,1,1,8,0,51,3848.212376
Sudan,SDN,2015,6771,2355,1560,7099,125,835,475,5431,226,24877,2184.542236
Sudan,SDN,2016,6228,2141,1435,6503,113,767,440,4972,195,22794,2583.447266
Sudan,SDN,2017,6241,2109,1442,6456,110,740,429,4933,183,22643,3178.314209
Sudan,SDN,2018,4918,1645,1134,5075,86,592,348,3876,138,17812,773.5070801
Sudan,SDN,2019,4241,1403,993,4362,72,509,304,3328,115,15327,755.3289795
Suriname,SUR,2015,7,2,4,9,0,1,1,3,0,27,9168.237157
Suriname,SUR,2016,7,2,4,8,0,1,1,3,0,26,5872.789429
Suriname,SUR,2017,7,2,4,8,0,1,1,3,0,26,6295.560562
Suriname,SUR,2018,7,1,4,8,0,1,1,3,0,25,6938.086981
Suriname,SUR,2019,6,1,4,7,0,1,1,2,0,22,6853.693411
Sweden,SWE,2015,1,0,1,0,0,0,0,0,0,2,51545.48361
Sweden,SWE,2016,1,0,1,0,0,0,0,0,0,2,51965.15715
Sweden,SWE,2017,1,0,1,0,0,0,0,0,0,2,53791.50873
Sweden,SWE,2018,1,0,0,0,0,0,0,0,0,1,54589.06039
Sweden,SWE,2019,1,0,0,0,0,0,0,0,0,1,51939.42974
Switzerland,CHE,2015,1,0,1,0,0,2,1,0,0,5,84776.14217
Switzerland,CHE,2016,1,0,1,0,0,1,1,0,0,4,83073.28008
Switzerland,CHE,2017,1,0,1,0,0,1,1,0,0,4,83352.08865
Switzerland,CHE,2018,1,0,1,0,0,1,1,0,0,4,86388.40495
Switzerland,CHE,2019,1,0,1,0,0,1,1,0,0,4,85334.51946
Tajikistan,TJK,2015,608,91,184,525,14,30,20,440,16,1928,978.4049812
Tajikistan,TJK,2016,565,83,168,485,13,27,18,408,15,1782,807.1025861
Tajikistan,TJK,2017,555,80,166,475,12,27,18,401,14,1748,848.6723799
Tajikistan,TJK,2018,534,76,160,455,11,27,18,384,13,1678,853.2188734
Tajikistan,TJK,2019,517,72,156,439,11,26,18,371,12,1622,890.5444024
Tanzania,TZA,2015,3282,1499,662,3880,25,316,239,2818,135,12856,947.9333496
Tanzania,TZA,2016,3254,1485,662,3841,23,303,231,2782,128,12709,966.5029907
Tanzania,TZA,2017,3123,1425,644,3684,22,287,221,2659,115,12180,1004.906616
Tanzania,TZA,2018,2624,1202,543,3103,18,244,189,2234,93,10250,1042.838745
Tanzania,TZA,2019,2332,1073,497,2769,15,224,175,1991,79,9155,1085.884888
Thailand,THA,2015,100,17,39,109,1,8,5,7,1,287,5840.053067
Thailand,THA,2016,97,16,38,106,1,8,5,6,1,278,5993.305516
Thailand,THA,2017,89,15,35,97,0,7,5,6,1,255,6593.818352
Thailand,THA,2018,82,13,32,89,0,6,4,5,1,232,7298.947146
Thailand,THA,2019,76,12,30,83,0,6,4,4,1,216,7814.384431
Togo,TGO,2015,4044,1713,733,4632,27,320,248,3296,207,15220,570.9099672
Togo,TGO,2016,3902,1654,717,4474,26,306,238,3175,192,14684,803.1518934
Togo,TGO,2017,3757,1596,696,4319,25,296,232,3056,178,14155,830.7452767
Togo,TGO,2018,3369,1434,637,3881,22,268,211,2737,155,12714,901.5230169
Togo,TGO,2019,3134,1335,600,3614,20,246,196,2541,140,11826,893.3524541
Tonga,TON,2015,0,0,0,0,0,0,0,0,0,0,4336.239603
Tonga,TON,2016,0,0,0,0,0,0,0,0,0,0,4157.877249
Tonga,TON,2017,0,0,0,0,0,0,0,0,0,0,4513.432531
Tonga,TON,2018,0,0,0,0,0,0,0,0,0,0,4740.700272
Tonga,TON,2019,0,0,0,0,0,0,0,0,0,0,4903.012138
Trinidad and Tobago,TTO,2015,3,1,2,3,0,1,0,1,0,11,18383.5387
Trinidad and Tobago,TTO,2016,3,0,1,3,0,1,0,1,0,9,16241.41096
Trinidad and Tobago,TTO,2017,2,0,1,3,0,1,0,1,0,8,16747.9067
Trinidad and Tobago,TTO,2018,2,0,1,3,0,1,0,1,0,8,17139.18567
Trinidad and Tobago,TTO,2019,2,0,1,3,0,0,0,1,0,7,17123.11629
Tunisia,TUN,2015,11,2,5,11,0,2,1,5,0,37,4094.841602
Tunisia,TUN,2016,10,2,5,10,0,2,1,4,0,34,3924.349092
Tunisia,TUN,2017,10,1,4,10,0,1,1,4,0,31,3687.780316
Tunisia,TUN,2018,9,1,4,9,0,1,1,3,0,28,3690.896932
Tunisia,TUN,2019,8,1,4,8,0,1,1,3,0,26,3571.945048
Turkmenistan,TKM,2015,47,5,15,44,0,4,3,33,0,151,6432.685325
Turkmenistan,TKM,2016,46,5,15,42,0,4,3,33,0,148,6387.682575
Turkmenistan,TKM,2017,44,5,15,41,0,4,3,31,0,143,6587.092604
Turkmenistan,TKM,2018,42,5,14,39,0,3,3,29,0,135,6967.375043
Turkmenistan,TKM,2019,40,4,14,36,0,3,3,28,0,128,7612.03518
Tuvalu,TUV,2015,0,0,0,0,0,0,0,0,0,0,3316.664522
Tuvalu,TUV,2016,0,0,0,0,0,0,0,0,0,0,3706.329903
Tuvalu,TUV,2017,0,0,0,0,0,0,0,0,0,0,3978.676452
Tuvalu,TUV,2018,0,0,0,0,0,0,0,0,0,0,4156.305128
Tuvalu,TUV,2019,0,0,0,0,0,0,0,0,0,0,4652.350846
Uganda,UGA,2015,4917,2239,977,5888,41,389,306,4406,187,19350,847.2676289
Uganda,UGA,2016,4658,2132,915,5602,39,381,302,4194,170,18393,736.5598474
Uganda,UGA,2017,4004,1846,790,4852,32,354,283,3631,140,15932,746.8307529
Uganda,UGA,2018,3599,1659,705,4362,28,318,255,3264,120,14310,770.6007843
Uganda,UGA,2019,3100,1436,604,3773,24,283,228,2823,100,12371,798.5857341
Ukraine,UKR,2015,13,1,7,10,0,1,1,7,0,40,2124.662354
Ukraine,UKR,2016,13,1,6,10,0,1,1,7,0,39,2187.730469
Ukraine,UKR,2017,12,1,6,9,0,1,1,7,0,37,2638.326172
Ukraine,UKR,2018,11,1,6,9,0,1,1,6,0,35,3096.561768
Ukraine,UKR,2019,10,1,5,8,0,1,1,6,0,32,3661.456299
United Arab Emirates,ARE,2015,2,0,1,1,0,1,0,0,0,5,38663.38826
United Arab Emirates,ARE,2016,2,0,1,1,0,0,0,0,0,4,38141.87689
United Arab Emirates,ARE,2017,2,0,1,1,0,0,0,0,0,4,40644.79119
United Arab Emirates,ARE,2018,2,0,0,1,0,0,0,0,0,3,43839.32449
United Arab Emirates,ARE,2019,1,0,0,1,0,0,0,0,0,2,42701.44305
United Kingdom,GBR,2015,5,0,3,0,0,1,1,0,0,10,45404.56777
United Kingdom,GBR,2016,5,0,3,0,0,1,1,0,0,10,41499.5557
United Kingdom,GBR,2017,5,0,3,0,0,1,1,0,0,10,40857.75558
United Kingdom,GBR,2018,5,0,3,0,0,1,1,0,0,10,43646.95197
United Kingdom,GBR,2019,4,0,3,0,0,1,1,0,0,9,43070.49836
United States,USA,2015,22,1,20,2,0,9,8,4,0,66,56762.72945
United States,USA,2016,23,1,20,2,0,9,8,4,0,67,57866.74493
United States,USA,2017,22,1,20,2,0,9,8,4,0,66,59914.7778
United States,USA,2018,21,1,19,2,0,8,7,4,0,62,62805.25376
United States,USA,2019,21,1,19,2,0,8,7,4,0,62,65094.79943
Uruguay,URY,2015,4,0,2,3,0,1,1,0,0,11,15613.74597
Uruguay,URY,2016,4,0,2,3,0,1,1,0,0,11,16715.63347
Uruguay,URY,2017,4,0,2,3,0,1,1,0,0,11,18690.89384
Uruguay,URY,2018,4,0,2,2,0,1,1,0,0,10,18703.86029
Uruguay,URY,2019,3,0,2,2,0,1,1,0,0,9,17688.01501
Uzbekistan,UZB,2015,103,11,42,81,0,10,8,83,1,339,2753.971072
Uzbekistan,UZB,2016,100,11,40,77,0,10,7,80,1,326,2704.677188
Uzbekistan,UZB,2017,93,10,38,72,0,10,7,74,1,305,1916.764642
Uzbekistan,UZB,2018,89,9,36,67,0,9,7,69,1,287,1597.068337
Uzbekistan,UZB,2019,84,8,35,63,0,9,7,65,1,272,1784.009816
Vanuatu,VUT,2015,9,2,2,10,0,1,0,7,1,32,2695.666186
Vanuatu,VUT,2016,9,2,2,11,0,1,0,8,1,34,2805.66532
Vanuatu,VUT,2017,9,2,2,11,0,1,0,8,1,34,3082.540055
Vanuatu,VUT,2018,9,2,2,10,0,1,0,7,1,32,3125.436014
Vanuatu,VUT,2019,8,2,2,9,0,0,0,7,1,29,3122.982599
Vietnam,VNM,2015,130,25,43,130,0,10,7,69,2,416,2581.622442
Vietnam,VNM,2016,120,23,39,120,0,9,7,62,2,382,2745.565588
Vietnam,VNM,2017,114,21,37,113,0,9,6,57,1,358,2974.117229
Vietnam,VNM,2018,103,18,33,102,0,8,6,50,1,321,3230.927713
Vietnam,VNM,2019,92,16,30,91,0,7,5,44,1,286,3425.089253
World,OWID_WRL,2015,509644,176633,125162,529745,4087,41784,29486,364645,21605,1802791,10231.70259
World,OWID_WRL,2016,484875,168557,117162,503162,3709,38471,27423,344054,19914,1707327,10286.41133
World,OWID_WRL,2017,470293,163444,112269,487667,3469,37085,26592,330794,18656,1650269,10825.90237
World,OWID_WRL,2018,432618,150459,102802,448034,3072,33791,24401,301371,16821,1513369,11366.07367
World,OWID_WRL,2019,405102,140769,96610,419222,2806,31383,22805,279618,15515,1413830,11407.47933
Zambia,ZMB,2015,3525,1460,651,3864,22,228,189,2778,154,12871,1338.290927
Zambia,ZMB,2016,3549,1469,679,3887,21,229,191,2774,146,12945,1280.806543
Zambia,ZMB,2017,3533,1460,700,3866,20,227,190,2736,137,12869,1535.196574
Zambia,ZMB,2018,3081,1272,626,3371,17,199,168,2367,115,11216,1516.368371
Zambia,ZMB,2019,2810,1161,578,3077,15,182,155,2148,102,10228,1305.001031
Zimbabwe,ZWE,2015,949,415,326,1140,5,64,57,759,62,3777,1445.069702
Zimbabwe,ZWE,2016,904,396,305,1088,5,59,53,719,57,3586,1464.588957
Zimbabwe,ZWE,2017,875,383,295,1054,5,58,52,692,53,3467,1235.189032
Zimbabwe,ZWE,2018,794,348,269,957,4,53,48,624,47,3144,1254.642265
Zimbabwe,ZWE,2019,744,326,255,898,4,50,45,582,43,2947,1316.740657
