Country Name,,0
Monaco,2015,165989.5051
Monaco,2016,170028.6557
Monaco,2017,167517.0597
Monaco,2018,185978.6093
Monaco,2019,189487.1471
Liechtenstein,2015,167313.2663
Liechtenstein,2016,165642.3863
Liechtenstein,2017,171253.9643
Liechtenstein,2018,176499.4026
Liechtenstein,2019,169049.1569
Luxembourg,2015,105462.0126
Luxembourg,2016,106899.2935
Luxembourg,2017,110193.2138
Luxembourg,2018,117254.7404
Luxembourg,2019,113218.7133
Bermuda,2015,102005.6256
Bermuda,2016,106885.8785
Bermuda,2017,111820.5815
Bermuda,2018,113050.7369
Bermuda,2019,116153.1661
Isle of Man,2015,85126.97047
Isle of Man,2016,82197.12677
Isle of Man,2017,83477.83429
Isle of Man,2018,89112.66772
Isle of Man,2019,86481.55258999999
Switzerland,2015,84776.14217
Switzerland,2016,83073.28008
Switzerland,2017,83352.08865
Switzerland,2018,86388.40495
Switzerland,2019,85334.51946
Cayman Islands,2015,76284.1943
Cayman Islands,2016,78471.62814
Cayman Islands,2017,81513.16283
Cayman Islands,2018,86180.53968999999
Cayman Islands,2019,91513.04267000001
"Macao SAR, China",2015,74818.94812999999
"Macao SAR, China",2016,73545.75824
"Macao SAR, China",2017,81019.47377000001
"Macao SAR, China",2018,87526.07999
"Macao SAR, China",2019,86197.36568999999
Norway,2015,74355.51586
Norway,2016,70460.56053
Norway,2017,75496.75406
Norway,2018,82267.80932
Norway,2019,75719.7529
Ireland,2015,62012.48493
Ireland,2016,62861.63912000001
Ireland,2017,69774.02897
Ireland,2018,79107.60498999999
Ireland,2019,80886.61574
Iceland,2015,52951.68151
Iceland,2016,61987.926360000005
Iceland,2017,72010.14903
Iceland,2018,74469.80406000001
Iceland,2019,68941.46222999999
Qatar,2015,63039.112629999996
Qatar,2016,57162.968010000004
Qatar,2017,59124.86727
Qatar,2018,65907.94842999999
Qatar,2019,62087.974129999995
Singapore,2015,55646.61875
Singapore,2016,56860.413239999994
Singapore,2017,61150.7272
Singapore,2018,66859.33834
Singapore,2019,65831.18943
Faroe Islands,2015,53310.262010000006
Faroe Islands,2016,58224.805510000006
Faroe Islands,2017,61455.05261
Faroe Islands,2018,65572.60753
Faroe Islands,2019,67153.68194
United States,2015,56762.72945
United States,2016,57866.74492999999
United States,2017,59914.7778
United States,2018,62805.25376
United States,2019,65094.79942999999
North America,2015,55452.42137999999
North America,2016,56312.43487999999
North America,2017,58430.1986
North America,2018,61158.56356
North America,2019,63175.74013
Denmark,2015,53254.85637
Denmark,2016,54663.99837
Denmark,2017,57610.09817999999
Denmark,2018,61591.92887
Denmark,2019,59775.7351
Australia,2015,56707.022079999995
Australia,2016,49881.76371
Australia,2017,53934.250179999995
Australia,2018,57180.7794
Australia,2019,54875.28596
Sweden,2015,51545.48361
Sweden,2016,51965.15715
Sweden,2017,53791.508729999994
Sweden,2018,54589.06039
Sweden,2019,51939.42974
Greenland,2015,44536.40131
Greenland,2016,48181.874189999995
Greenland,2017,50766.59942
Greenland,2018,54545.299979999996
Greenland,2019,53256.24409
Netherlands,2015,45193.40322
Netherlands,2016,46039.10593
Netherlands,2017,48675.22234
Netherlands,2018,53044.532439999995
Netherlands,2019,52476.27325
Austria,2015,44195.81759
Austria,2016,45307.58786
Austria,2017,47429.158460000006
Austria,2018,51486.5755
Austria,2019,50114.40111
Finland,2015,42801.90812
Finland,2016,43814.02651
Finland,2017,46412.13648
Finland,2018,49988.91085
Finland,2019,48628.641760000006
"Hong Kong SAR, China",2015,42431.88828
"Hong Kong SAR, China",2016,43733.91636
"Hong Kong SAR, China",2017,46160.429789999995
"Hong Kong SAR, China",2018,48537.566889999995
"Hong Kong SAR, China",2019,48356.0635
San Marino,2015,42662.90241
San Marino,2016,43828.23155
San Marino,2017,45399.02898
San Marino,2018,48996.59299
San Marino,2019,47727.13489
Canada,2015,43596.135539999996
Canada,2016,42315.60371
Canada,2017,45129.4293
Canada,2018,46548.63841
Canada,2019,46328.671839999995
Germany,2015,41103.25644
Germany,2016,42136.12079
Germany,2017,44652.58917
Germany,2018,47973.607619999995
Germany,2019,46794.89929
Belgium,2015,41008.29672
Belgium,2016,42012.62272
Belgium,2017,44198.48239
Belgium,2018,47549.20805
Belgium,2019,46599.111339999996
Post-demographic dividend,2015,40669.04208
Post-demographic dividend,2016,41401.37787
Post-demographic dividend,2017,42995.85935
Post-demographic dividend,2018,45413.55092
Post-demographic dividend,2019,45728.10123
United Kingdom,2015,45404.56777
United Kingdom,2016,41499.5557
United Kingdom,2017,40857.755580000005
United Kingdom,2018,43646.95197
United Kingdom,2019,43070.498360000005
High income,2015,39847.26178
High income,2016,40475.17746
High income,2017,42118.2044
High income,2018,44571.433580000004
High income,2019,44774.77502
New Zealand,2015,38630.72659
New Zealand,2016,40058.19616
New Zealand,2017,42924.9956
New Zealand,2018,43250.440969999996
New Zealand,2019,42865.23364
United Arab Emirates,2015,38663.38826
United Arab Emirates,2016,38141.87689
United Arab Emirates,2017,40644.791189999996
United Arab Emirates,2018,43839.32449
United Arab Emirates,2019,42701.44305
Israel,2015,35808.43643
Israel,2016,37330.2618
Israel,2017,40774.12961
Israel,2018,42063.45313
Israel,2019,43951.24773
Andorra,2015,35770.91865
Andorra,2016,37474.745839999996
Andorra,2017,38964.66201
Andorra,2018,41793.31884
Andorra,2019,40898.417910000004
France,2015,36652.92231
France,2016,37062.53357
France,2017,38781.04949
France,2018,41592.7959
France,2019,40578.64429
Japan,2015,34960.63938
Japan,2016,39375.47316
Japan,2017,38834.05293
Japan,2018,39727.1166
Japan,2019,40458.00188
OECD members,2015,35590.731719999996
OECD members,2016,36037.767719999996
OECD members,2017,37377.57018
OECD members,2018,39306.7924
OECD members,2019,39478.311969999995
Euro area,2015,34388.28378
Euro area,2016,35163.47243
Euro area,2017,37154.48194
Euro area,2018,40059.18248
Euro area,2019,39195.77483
Guam,2015,35829.250360000005
Guam,2016,36214.00692
Guam,2017,36601.91988
Guam,2018,36556.67491
Guam,2019,38040.586989999996
Virgin Islands (U.S.),2015,34007.35294
Virgin Islands (U.S.),2016,35324.97489
Virgin Islands (U.S.),2017,35365.0693
Virgin Islands (U.S.),2018,36653.86305
Virgin Islands (U.S.),2019,38596.03071
New Caledonia,2015,32520.30457
New Caledonia,2016,32391.20197
New Caledonia,2017,33976.54853
New Caledonia,2018,36382.49553
New Caledonia,2019,34788.540310000004
European Union,2015,30485.028810000003
European Union,2016,31186.510619999997
European Union,2017,33094.40835
European Union,2018,35753.36685
European Union,2019,35089.28279
"Bahamas, The",2015,31699.358630000002
"Bahamas, The",2016,31314.84456
"Bahamas, The",2017,32371.00818
"Bahamas, The",2018,33077.39183
"Bahamas, The",2019,33872.334310000006
Italy,2015,30242.38614
Italy,2016,30960.73151
Italy,2017,32406.72032
Italy,2018,34622.169669999996
Italy,2019,33673.47545
Puerto Rico,2015,29763.4883
Puerto Rico,2016,30627.1634
Puerto Rico,2017,31108.76057
Puerto Rico,2018,31604.701510000003
Puerto Rico,2019,32850.548610000005
"Korea, Rep.",2015,28732.23108
"Korea, Rep.",2016,29288.87044
"Korea, Rep.",2017,31616.8434
"Korea, Rep.",2018,33436.92306
"Korea, Rep.",2019,31902.4169
Kuwait,2015,29869.55275
Kuwait,2016,27653.157619999998
Kuwait,2017,29759.46747
Kuwait,2018,33399.06048
Kuwait,2019,32373.25111
Sint Maarten (Dutch part),2015,32274.89055
Sint Maarten (Dutch part),2016,31616.6817
Sint Maarten (Dutch part),2017,29369.05683
Sint Maarten (Dutch part),2018,28988.259210000004
Brunei Darussalam,2015,31164.03625
Brunei Darussalam,2016,27158.40565
Brunei Darussalam,2017,28571.608289999996
Brunei Darussalam,2018,31628.476260000003
Brunei Darussalam,2019,31085.96193
Aruba,2015,28399.05013
Aruba,2016,28453.715560000004
Aruba,2017,29348.41897
Aruba,2018,30253.71423
Aruba,2019,31135.884360000004
Turks and Caicos Islands,2015,26183.88504
Turks and Caicos Islands,2016,28241.47929
Turks and Caicos Islands,2017,27545.12879
Turks and Caicos Islands,2018,29553.1367
Turks and Caicos Islands,2019,31350.86663
Malta,2015,24921.60368
Malta,2016,25624.537269999997
Malta,2017,28857.01987
Malta,2018,31573.116560000002
Malta,2019,31185.64962
Spain,2015,25742.36883
Spain,2016,26523.34822
Spain,2017,28170.16786
Spain,2018,30364.579939999996
Spain,2019,29554.49052
Cyprus,2015,23408.33594
Cyprus,2016,24605.91992
Cyprus,2017,26608.875
Cyprus,2018,29334.11133
Cyprus,2019,29206.07617
Europe & Central Asia,2015,22624.915390000002
Europe & Central Asia,2016,22455.14736
Europe & Central Asia,2017,23704.3284
Europe & Central Asia,2018,25297.67986
Europe & Central Asia,2019,24914.603369999997
Slovenia,2015,20890.16643
Slovenia,2016,21678.35947
Slovenia,2017,23514.02546
Slovenia,2018,26116.856359999998
Slovenia,2019,25942.95477
Bahrain,2015,22634.08565
Bahrain,2016,22608.452559999998
Bahrain,2017,23742.93734
Bahrain,2018,24086.30169
Bahrain,2019,23552.37995
Northern Mariana Islands,2015,16314.38355
Northern Mariana Islands,2016,21891.18479
Northern Mariana Islands,2017,27584.743510000004
Northern Mariana Islands,2018,22886.67405
Northern Mariana Islands,2019,20659.64029
Saudi Arabia,2015,20627.92178
Saudi Arabia,2016,19878.76817
Saudi Arabia,2017,20802.46179
Saudi Arabia,2018,24228.83904
Saudi Arabia,2019,23450.562019999998
Portugal,2015,19250.10654
Portugal,2016,19991.97249
Portugal,2017,21490.42986
Portugal,2018,23562.554519999998
Portugal,2019,23330.81729
French Polynesia,2015,19500.10086
French Polynesia,2016,20020.09386
French Polynesia,2017,21127.06433
French Polynesia,2018,22094.75746
French Polynesia,2019,21512.2733
Czech Republic,2015,17829.69832
Czech Republic,2016,18575.232030000003
Czech Republic,2017,20636.19995
Czech Republic,2018,23419.73561
Czech Republic,2019,23660.14881
Estonia,2015,17402.03761
Estonia,2016,18295.342930000003
Estonia,2017,20437.76538
Estonia,2018,23063.56382
Estonia,2019,23397.878259999998
St. Kitts and Nevis,2015,18717.42876
St. Kitts and Nevis,2016,19542.16228
St. Kitts and Nevis,2017,20382.77987
St. Kitts and Nevis,2018,20567.25826
St. Kitts and Nevis,2019,22047.88303
Curacao,2015,19260.26985
Curacao,2016,18881.830619999997
Curacao,2017,18788.80728
Curacao,2018,18956.09791
Curacao,2019,19024.17723
Greece,2015,18083.87791
Greece,2016,17923.966809999998
Greece,2017,18582.089340000002
Greece,2018,19756.99046
Greece,2019,19133.75776
Oman,2015,18444.927
Oman,2016,16772.73921
Oman,2017,17329.18546
Oman,2018,18947.3665
Oman,2019,17700.70349
Slovak Republic,2015,16342.21626
Slovak Republic,2016,16512.29299
Slovak Republic,2017,17538.048580000002
Slovak Republic,2018,19389.98216
Slovak Republic,2019,19303.54566
Uruguay,2015,15613.745969999998
Uruguay,2016,16715.633469999997
Uruguay,2017,18690.89384
Uruguay,2018,18703.86029
Uruguay,2019,17688.01501
Barbados,2015,16558.86478
Barbados,2016,16909.88655
Barbados,2017,17404.207469999998
Barbados,2018,17782.87473
Barbados,2019,18480.05659
Trinidad and Tobago,2015,18383.5387
Trinidad and Tobago,2016,16241.41096
Trinidad and Tobago,2017,16747.9067
Trinidad and Tobago,2018,17139.18567
Trinidad and Tobago,2019,17123.11629
Lithuania,2015,14263.964580000002
Lithuania,2016,15008.313240000001
Lithuania,2017,16885.40739
Lithuania,2018,19186.18128
Lithuania,2019,19575.768480000002
Seychelles,2015,15157.501830000001
Seychelles,2016,15740.110630000001
Seychelles,2017,16416.72607
Seychelles,2018,16910.66792
Seychelles,2019,17252.020780000003
Palau,2015,15876.461930000001
Palau,2016,16835.986
Palau,2017,16019.98989
Palau,2018,15895.2599
Palau,2019,15232.48708
Latvia,2015,13786.4568
Latvia,2016,14331.75159
Latvia,2017,15695.11515
Latvia,2018,17865.03109
Latvia,2019,17926.84159
Antigua and Barbuda,2015,14285.329780000002
Antigua and Barbuda,2016,15198.74297
Antigua and Barbuda,2017,15383.5764
Antigua and Barbuda,2018,16679.59166
Antigua and Barbuda,2019,17376.649680000002
Panama,2015,13630.30115
Panama,2016,14343.98026
Panama,2017,15146.40851
Panama,2018,15544.999080000001
Panama,2019,15774.25495
Hungary,2015,12720.71202
Hungary,2016,13107.37791
Hungary,2017,14623.69665
Hungary,2018,16427.37276
Hungary,2019,16735.65978
Chile,2015,13495.01061
Chile,2016,13690.907459999999
Chile,2017,14962.55685
Chile,2018,15772.333480000001
Chile,2019,14699.462780000002
Central Europe and the Baltics,2015,12522.661059999999
Central Europe and the Baltics,2016,12831.409940000001
Central Europe and the Baltics,2017,14254.7381
Central Europe and the Baltics,2018,16047.2797
Central Europe and the Baltics,2019,16346.56181
Poland,2015,12578.49547
Poland,2016,12447.43959
Poland,2017,13864.68176
Poland,2018,15468.482219999998
Poland,2019,15732.203130000002
Croatia,2015,11933.37738
Croatia,2016,12527.73986
Croatia,2017,13629.28959
Croatia,2018,15227.5601
Croatia,2019,15311.7669
Other small states,2015,12780.72639
Other small states,2016,12385.433309999999
Other small states,2017,13215.429740000001
Other small states,2018,14368.926969999999
Other small states,2019,13799.295530000001
Argentina,2015,13789.060419999998
Argentina,2016,12790.242470000001
Argentina,2017,14613.041819999999
Argentina,2018,11795.15939
Argentina,2019,10076.35524
Costa Rica,2015,11642.77805
Costa Rica,2016,12011.22275
Costa Rica,2017,12225.57449
Costa Rica,2018,12485.4239
Costa Rica,2019,12762.138009999999
Small states,2015,11746.83968
Small states,2016,11348.57057
Small states,2017,12064.64049
Small states,2018,13015.08585
Small states,2019,12615.13255
American Samoa,2015,12059.63516
American Samoa,2016,12038.2497
American Samoa,2017,11003.829759999999
American Samoa,2018,11521.609779999999
American Samoa,2019,11715.36014
Romania,2015,8969.148921
Romania,2016,9548.587403
Romania,2017,10807.009170000001
Romania,2018,12398.98198
Romania,2019,12899.346109999999
St. Lucia,2015,10093.61802
St. Lucia,2016,10362.35158
St. Lucia,2017,11034.62983
St. Lucia,2018,11353.71523
St. Lucia,2019,11591.08044
World,2015,10231.70259
World,2016,10286.411329999999
World,2017,10825.90237
World,2018,11366.07367
World,2019,11407.47933
Malaysia,2015,9955.242721999999
Malaysia,2016,9817.78709
Malaysia,2017,10259.30481
Malaysia,2018,11380.07922
Malaysia,2019,11432.82603
East Asia & Pacific,2015,9599.414082
East Asia & Pacific,2016,9867.865823999999
East Asia & Pacific,2017,10466.42427
East Asia & Pacific,2018,11324.00488
East Asia & Pacific,2019,11494.09153
Mauritius,2015,9260.447303
Mauritius,2016,9681.618567
Mauritius,2017,10484.90836
Mauritius,2018,11208.34382
Mauritius,2019,11097.16898
Russian Federation,2015,9313.013672
Russian Federation,2016,8704.898438
Russian Federation,2017,10720.33301
Russian Federation,2018,11287.36035
Russian Federation,2019,11536.250979999999
Turkiye,2015,11006.27952
Turkiye,2016,10894.60338
Turkiye,2017,10589.66772
Turkiye,2018,9454.348443
Turkiye,2019,9121.515167
Nauru,2015,8341.012278
Nauru,2016,9521.042101000001
Nauru,2017,10339.385479999999
Nauru,2018,11614.665079999999
Nauru,2019,11029.73558
Caribbean small states,2015,10181.80616
Caribbean small states,2016,9557.667766
Caribbean small states,2017,9915.744684000001
Caribbean small states,2018,10250.291729999999
Caribbean small states,2019,10406.670709999999
Grenada,2015,9096.538652
Grenada,2016,9628.259168999999
Grenada,2017,10152.83281
Grenada,2018,10466.88221
Grenada,2019,10834.49568
Maldives,2015,9033.41027
Maldives,2016,9209.443564
Maldives,2017,9577.346946
Maldives,2018,10279.07998
Maldives,2019,10561.61351
Equatorial Guinea,2015,11283.39802
Equatorial Guinea,2016,9250.316728
Equatorial Guinea,2017,9667.856962
Equatorial Guinea,2018,10005.61604
Equatorial Guinea,2019,8380.741122
Mexico,2015,9616.645558
Mexico,2016,8744.515559
Mexico,2017,9287.849587
Mexico,2018,9686.984927
Mexico,2019,9950.217622
Libya,2015,7590.442981
Libya,2016,7687.882134
Libya,2017,10205.32483
Libya,2018,11482.13364
Libya,2019,10218.043029999999
Kazakhstan,2015,10510.77189
Kazakhstan,2016,7714.841844
Kazakhstan,2017,9247.581331
Kazakhstan,2018,9812.626370999998
Kazakhstan,2019,9812.595808
Brazil,2015,8813.989806
Brazil,2016,8710.06329
Brazil,2017,9928.675897
Brazil,2018,9151.381732
Brazil,2019,8876.059836
Late-demographic dividend,2015,8208.051873
Late-demographic dividend,2016,8179.070873999999
Late-demographic dividend,2017,9018.161029
Late-demographic dividend,2018,9832.141379
Late-demographic dividend,2019,9974.505915
China,2015,8016.4314349999995
China,2016,8094.363367
China,2017,8816.986905
China,2018,9905.342004
China,2019,10143.8382
Upper middle income,2015,8149.751840000001
Upper middle income,2016,8041.0623239999995
Upper middle income,2017,8834.526226
Upper middle income,2018,9448.634854
Upper middle income,2019,9548.200238
Latin America & Caribbean,2015,8629.009605
Latin America & Caribbean,2016,8350.020625
Latin America & Caribbean,2017,9188.579683
Latin America & Caribbean,2018,8902.399152
Latin America & Caribbean,2019,8699.460717
Latin America & the Caribbean (IDA & IBRD countries),2015,8480.625831
Latin America & the Caribbean (IDA & IBRD countries),2016,8185.147519
Latin America & the Caribbean (IDA & IBRD countries),2017,9037.781170999999
Latin America & the Caribbean (IDA & IBRD countries),2018,8740.515234
Latin America & the Caribbean (IDA & IBRD countries),2019,8519.254425
Bulgaria,2015,7074.681023
Bulgaria,2016,7569.478815
Bulgaria,2017,8366.293221
Bulgaria,2018,9446.700772
Bulgaria,2019,9879.268533
Cuba,2015,7694.014637
Cuba,2016,8060.796598000001
Cuba,2017,8541.213686
Cuba,2018,8824.194008
Cuba,2019,9125.878679000001
Europe & Central Asia (IDA & IBRD countries),2015,8019.897881999999
Europe & Central Asia (IDA & IBRD countries),2016,7677.4066060000005
Europe & Central Asia (IDA & IBRD countries),2017,8562.533645
Europe & Central Asia (IDA & IBRD countries),2018,8876.157251
Europe & Central Asia (IDA & IBRD countries),2019,9026.080645999999
Latin America & Caribbean (excluding high income),2015,8203.003864
Latin America & Caribbean (excluding high income),2016,7885.57463
Latin America & Caribbean (excluding high income),2017,8699.475686
Latin America & Caribbean (excluding high income),2018,8357.124704
Latin America & Caribbean (excluding high income),2019,8165.360565000001
Dominica,2015,7597.288893999999
Dominica,2016,8080.968623000001
Dominica,2017,7298.51458
Dominica,2018,7745.376963
Dominica,2019,8516.280039
Montenegro,2015,6517.189614
Montenegro,2016,7033.438006
Montenegro,2017,7803.362579000001
Montenegro,2018,8850.378404000001
Montenegro,2019,8909.890151000001
St. Vincent and the Grenadines,2015,7207.1707590000005
St. Vincent and the Grenadines,2016,7438.792212
St. Vincent and the Grenadines,2017,7717.846546
St. Vincent and the Grenadines,2018,8024.028495999999
St. Vincent and the Grenadines,2019,8229.722486
Europe & Central Asia (excluding high income),2015,7485.826926000001
Europe & Central Asia (excluding high income),2016,7070.965425
Europe & Central Asia (excluding high income),2017,7889.016898999999
Europe & Central Asia (excluding high income),2018,8008.257108
Europe & Central Asia (excluding high income),2019,8136.751834000001
Lebanon,2015,7643.008718000001
Lebanon,2016,7617.689634
Lebanon,2017,7776.0346420000005
Lebanon,2018,8003.827612
Lebanon,2019,7527.44306
Dominican Republic,2015,6921.520594
Dominican Republic,2016,7280.883609999999
Dominican Republic,2017,7609.353275
Dominican Republic,2018,8050.6440760000005
Dominican Republic,2019,8282.117131
Middle East & North Africa,2015,7375.464756
Middle East & North Africa,2016,7307.4484569999995
Middle East & North Africa,2017,7469.549834
Middle East & North Africa,2018,7704.420768999999
Middle East & North Africa,2019,7587.355595999999
Gabon,2015,7384.700704000001
Gabon,2016,6984.419712000001
Gabon,2017,7230.434912000001
Gabon,2018,7959.007267
Gabon,2019,7766.996554
East Asia & Pacific (IDA & IBRD countries),2015,6583.953456
East Asia & Pacific (IDA & IBRD countries),2016,6674.255578
East Asia & Pacific (IDA & IBRD countries),2017,7238.969962
East Asia & Pacific (IDA & IBRD countries),2018,8042.948351999999
East Asia & Pacific (IDA & IBRD countries),2019,8268.375718000001
East Asia & Pacific (excluding high income),2015,6511.258118
East Asia & Pacific (excluding high income),2016,6600.764193999999
East Asia & Pacific (excluding high income),2017,7159.4513799999995
East Asia & Pacific (excluding high income),2018,7954.762525
East Asia & Pacific (excluding high income),2019,8177.838000000001
Botswana,2015,6402.910183
Botswana,2016,6982.9174920000005
Botswana,2017,7296.092142
Botswana,2018,7503.878588
Botswana,2019,7247.429476
Suriname,2015,9168.237157
Suriname,2016,5872.7894289999995
Suriname,2017,6295.560562
Suriname,2018,6938.086981
Suriname,2019,6853.693411
Turkmenistan,2015,6432.685325
Turkmenistan,2016,6387.682575
Turkmenistan,2017,6587.0926039999995
Turkmenistan,2018,6967.375043000001
Turkmenistan,2019,7612.03518
Thailand,2015,5840.053067
Thailand,2016,5993.305515999999
Thailand,2017,6593.818352
Thailand,2018,7298.9471459999995
Thailand,2019,7814.384431
Peru,2015,6229.100674
Peru,2016,6204.996457
Peru,2017,6710.507602000001
Peru,2018,6958.497262000001
Peru,2019,7023.077526000001
South Africa,2015,6259.839681
South Africa,2016,5756.965741
South Africa,2017,6690.939847
South Africa,2018,7005.095412999999
South Africa,2019,6624.7618649999995
Serbia,2015,5588.980728
Serbia,2016,5765.2007619999995
Serbia,2017,6292.543629
Serbia,2018,7252.401858
Serbia,2019,7417.203648999999
Arab World,2015,6359.900578
Arab World,2016,6177.227235
Arab World,2017,6272.949782
Arab World,2018,6635.381394
Arab World,2019,6562.969998
Colombia,2015,6175.876029999999
Colombia,2016,5870.777957
Colombia,2017,6376.706716
Colombia,2018,6729.583331999999
Colombia,2019,6418.615783
Ecuador,2015,6124.490887
Ecuador,2016,6060.092962
Ecuador,2017,6213.503127
Ecuador,2018,6295.934662
Ecuador,2019,6222.524653
Guyana,2015,5576.825852
Guyana,2016,5811.397924
Guyana,2017,6124.95367
Guyana,2018,6145.8192770000005
Guyana,2019,6609.51128
IBRD only,2015,5547.679602
IBRD only,2016,5540.167966
IBRD only,2017,6058.914632999999
IBRD only,2018,6387.7488189999995
IBRD only,2019,6473.782551
Belarus,2015,5967.052204
Belarus,2016,5039.681886
Belarus,2017,5785.670673
Belarus,2018,6360.062473
Belarus,2019,6837.717826000001
Fiji,2015,5390.714207
Fiji,2016,5651.272721
Fiji,2017,6101.0238899999995
Fiji,2018,6317.413723
Fiji,2019,6175.890653
North Macedonia,2015,4861.553971
North Macedonia,2016,5149.589074
North Macedonia,2017,5450.492881
North Macedonia,2018,6108.740108
North Macedonia,2019,6070.388054
Paraguay,2015,5413.776021
Paraguay,2016,5324.609068
Paraguay,2017,5678.8699719999995
Paraguay,2018,5782.78455
Paraguay,2019,5383.574422
Bosnia and Herzegovina,2015,4729.690054
Bosnia and Herzegovina,2016,4994.971622999999
Bosnia and Herzegovina,2017,5394.269139999999
Bosnia and Herzegovina,2018,6070.35298
Bosnia and Herzegovina,2019,6119.762350999999
Iraq,2015,4688.3180170000005
Iraq,2016,4550.658638
Iraq,2017,4985.4528789999995
Iraq,2018,5915.850854
Iraq,2019,5943.458455
Middle income,2015,4755.93561
Middle income,2016,4745.7085799999995
Middle income,2017,5154.4311
Middle income,2018,5415.611006
Middle income,2019,5487.844058
Jamaica,2015,4907.927415
Jamaica,2016,4843.7499
Jamaica,2017,5070.099503
Jamaica,2018,5359.993789
Jamaica,2019,5369.498371
Namibia,2015,4896.6152600000005
Namibia,2016,4546.986688
Namibia,2017,5367.114674
Namibia,2018,5588.392864
Namibia,2019,5028.295342
"Iran, Islamic Rep.",2015,5200.680786999999
"Iran, Islamic Rep.",2016,5755.8024479999995
"Iran, Islamic Rep.",2017,6032.065127000001
"Iran, Islamic Rep.",2018,4046.341864
"Iran, Islamic Rep.",2019,3514.042168
Belize,2015,4805.196852
Belize,2016,4877.670506
Belize,2017,4909.604664
Belize,2018,4927.194224
Belize,2019,4983.336114
IDA & IBRD total,2015,4509.589868
IDA & IBRD total,2016,4493.836521
IDA & IBRD total,2017,4879.042932
IDA & IBRD total,2018,5110.911271
IDA & IBRD total,2019,5168.837517
Low & middle income,2015,4366.051099
Low & middle income,2016,4349.147276
Low & middle income,2017,4718.39202
Low & middle income,2018,4933.697969
Low & middle income,2019,4993.619381
Albania,2015,3952.8025380000004
Albania,2016,4124.0553899999995
Albania,2017,4531.019374
Albania,2018,5287.663694
Albania,2019,5396.215864
Azerbaijan,2015,5500.310382
Azerbaijan,2016,3880.7387310000004
Azerbaijan,2017,4147.0897159999995
Azerbaijan,2018,4739.841710000001
Azerbaijan,2019,4805.753718
Tonga,2015,4336.239603
Tonga,2016,4157.877249
Tonga,2017,4513.432531
Tonga,2018,4740.700272
Tonga,2019,4903.012138
Georgia,2015,4014.185944
Georgia,2016,4062.1698880000004
Georgia,2017,4357.000936
Georgia,2018,4722.042423
Georgia,2019,4696.150586
Guatemala,2015,3994.6369130000003
Guatemala,2016,4173.301665999999
Guatemala,2017,4454.04815
Guatemala,2018,4478.424646
Guatemala,2019,4638.634943
Jordan,2015,4164.1087689999995
Jordan,2016,4175.356602000001
Jordan,2017,4231.518279999999
Jordan,2018,4308.151074
Jordan,2019,4405.487109000001
Samoa,2015,4073.7290829999997
Samoa,2016,4109.663296
Samoa,2017,4258.978675
Samoa,2018,4187.504787
Samoa,2019,4322.868415999999
Pacific island small states,2015,3832.5511810000003
Pacific island small states,2016,3965.895179
Pacific island small states,2017,4222.557375
Pacific island small states,2018,4340.564704
Pacific island small states,2019,4271.583766
Algeria,2015,4177.889542
Algeria,2016,3946.4524469999997
Algeria,2017,4109.698217
Algeria,2018,4142.018558
Algeria,2019,3989.668276
Kosovo,2015,3520.766449
Kosovo,2016,3759.560246
Kosovo,2017,4009.3809869999995
Kosovo,2018,4384.048892
Kosovo,2019,4416.1083579999995
Armenia,2015,3607.289299
Armenia,2016,3591.8280520000003
Armenia,2017,3914.527854
Armenia,2018,4220.540321
Armenia,2019,4604.646324
Tuvalu,2015,3316.664522
Tuvalu,2016,3706.3299030000003
Tuvalu,2017,3978.676452
Tuvalu,2018,4156.305128
Tuvalu,2019,4652.350846
Mongolia,2015,3875.321675
Mongolia,2016,3658.3903
Mongolia,2017,3687.100003
Mongolia,2018,4156.8469700000005
Mongolia,2019,4404.845829999999
Sri Lanka,2015,3843.780672
Sri Lanka,2016,3886.2915020000005
Sri Lanka,2017,4077.0438409999997
Sri Lanka,2018,4059.2082299999997
Sri Lanka,2019,3848.212376
El Salvador,2015,3705.5797039999998
El Salvador,2016,3805.9956859999998
El Salvador,2017,3910.254403
El Salvador,2018,4052.624775
El Salvador,2019,4167.730939
Eswatini,2015,3680.3494729999998
Eswatini,2016,3425.531957
Eswatini,2017,3914.4184840000003
Eswatini,2018,4107.094431
Eswatini,2019,3889.8512259999998
Tunisia,2015,4094.8416020000004
Tunisia,2016,3924.3490920000004
Tunisia,2017,3687.780316
Tunisia,2018,3690.896932
Tunisia,2019,3571.9450479999996
Middle East & North Africa (IDA & IBRD countries),2015,3939.3840909999994
Middle East & North Africa (IDA & IBRD countries),2016,3968.09362
Middle East & North Africa (IDA & IBRD countries),2017,3867.0670600000003
Middle East & North Africa (IDA & IBRD countries),2018,3605.440104
Middle East & North Africa (IDA & IBRD countries),2019,3573.1557020000005
Middle East & North Africa (excluding high income),2015,3931.556278
Middle East & North Africa (excluding high income),2016,3962.8987909999996
Middle East & North Africa (excluding high income),2017,3864.148677
Middle East & North Africa (excluding high income),2018,3604.925763
Middle East & North Africa (excluding high income),2019,3574.162674
Indonesia,2015,3331.695115
Indonesia,2016,3562.8163340000006
Indonesia,2017,3837.5780240000004
Indonesia,2018,3893.859578
Indonesia,2019,4135.233344
Marshall Islands,2015,3199.886846
Marshall Islands,2016,3490.998389
Marshall Islands,2017,3672.576783
Marshall Islands,2018,3793.5509829999996
Marshall Islands,2019,4073.10983
Moldova,2015,2732.4607300000002
Moldova,2016,2880.43529
Moldova,2017,3509.6868289999998
Moldova,2018,4230.626969
Moldova,2019,4492.10574
West Bank and Gaza,2015,3272.1543239999996
West Bank and Gaza,2016,3527.613824
West Bank and Gaza,2017,3620.360487
West Bank and Gaza,2018,3562.330943
West Bank and Gaza,2019,3656.858271
Early-demographic dividend,2015,3244.2370339999998
Early-demographic dividend,2016,3303.710575
Early-demographic dividend,2017,3521.3816450000004
Early-demographic dividend,2018,3509.754222
Early-demographic dividend,2019,3538.8334130000003
Cabo Verde,2015,3043.031382
Cabo Verde,2016,3131.017598
Cabo Verde,2017,3292.633503
Cabo Verde,2018,3616.4606659999995
Cabo Verde,2019,3603.775241
Bolivia,2015,3035.9716550000003
Bolivia,2016,3076.656439
Bolivia,2017,3351.1243440000003
Bolivia,2018,3548.5907799999995
Bolivia,2019,3552.068144
"Micronesia, Fed. Sts.",2015,2906.617012
"Micronesia, Fed. Sts.",2016,3014.7003579999996
"Micronesia, Fed. Sts.",2017,3289.6421170000003
"Micronesia, Fed. Sts.",2018,3568.2910159999997
"Micronesia, Fed. Sts.",2019,3624.249092
Philippines,2015,3001.043182
Philippines,2016,3073.654686
Philippines,2017,3123.2456420000003
Philippines,2018,3252.1102739999997
Philippines,2019,3485.340844
Bhutan,2015,2752.6301719999997
Bhutan,2016,2930.574923
Bhutan,2017,3286.596744
Bhutan,2018,3243.477437
Bhutan,2019,3322.863329
Morocco,2015,2875.258057
Morocco,2016,2896.722168
Morocco,2017,3035.454346
Morocco,2018,3226.98291
Morocco,2019,3235.000732
"Egypt, Arab Rep.",2015,3562.9326579999997
"Egypt, Arab Rep.",2016,3519.87324
"Egypt, Arab Rep.",2017,2444.290387
"Egypt, Arab Rep.",2018,2537.1251850000003
"Egypt, Arab Rep.",2019,3019.092283
Vietnam,2015,2581.6224420000003
Vietnam,2016,2745.565588
Vietnam,2017,2974.117229
Vietnam,2018,3230.927713
Vietnam,2019,3425.089253
Vanuatu,2015,2695.666186
Vanuatu,2016,2805.66532
Vanuatu,2017,3082.540055
Vanuatu,2018,3125.436014
Vanuatu,2019,3122.982599
Djibouti,2015,2652.5132280000003
Djibouti,2016,2803.689125
Djibouti,2017,2926.153304
Djibouti,2018,3038.269738
Djibouti,2019,3172.750685
Ukraine,2015,2124.662354
Ukraine,2016,2187.730469
Ukraine,2017,2638.326172
Ukraine,2018,3096.561768
Ukraine,2019,3661.4562990000004
Papua New Guinea,2015,2679.346579
Papua New Guinea,2016,2509.629637
Papua New Guinea,2017,2695.249009
Papua New Guinea,2018,2801.371393
Papua New Guinea,2019,2820.306397
Honduras,2015,2302.204411
Honduras,2016,2342.584904
Honduras,2017,2453.7271149999997
Honduras,2018,2510.322943
Honduras,2019,2574.3567510000003
Lao PDR,2015,2140.044323
Lao PDR,2016,2324.4009170000004
Lao PDR,2017,2455.211559
Lao PDR,2018,2569.0938920000003
Lao PDR,2019,2613.944427
Angola,2015,3127.890598
Angola,2016,1728.0237539999998
Angola,2017,2313.220584
Angola,2018,2524.942483
Angola,2019,2177.799015
"Congo, Rep.",2015,2448.523778
"Congo, Rep.",2016,2051.666176
"Congo, Rep.",2017,2170.9005629999997
"Congo, Rep.",2018,2606.615526
"Congo, Rep.",2019,2369.729441
Solomon Islands,2015,2167.1553940000003
Solomon Islands,2016,2225.475204
Solomon Islands,2017,2332.898555
Solomon Islands,2018,2411.897904
Solomon Islands,2019,2344.048976
Lower middle income,2015,2109.3345
Lower middle income,2016,2193.471208
Lower middle income,2017,2322.9068829999997
Lower middle income,2018,2335.303125
Lower middle income,2019,2411.334922
Nigeria,2015,2687.480056
Nigeria,2016,2176.002772
Nigeria,2017,1968.565398
Nigeria,2018,2027.7785489999999
Nigeria,2019,2229.858652
Uzbekistan,2015,2753.971072
Uzbekistan,2016,2704.677188
Uzbekistan,2017,1916.764642
Uzbekistan,2018,1597.068337
Uzbekistan,2019,1784.009816
Cote d'Ivoire,2015,1972.5456829999998
Cote d'Ivoire,2016,2013.381448
Cote d'Ivoire,2017,2111.026557
Cote d'Ivoire,2018,2314.050958
Cote d'Ivoire,2019,2276.332394
Ghana,2015,1774.074771
Ghana,2016,1971.9569350000002
Ghana,2017,2074.290733
Ghana,2018,2260.860567
Ghana,2019,2246.625578
Nicaragua,2015,2049.851666
Nicaragua,2016,2107.5740600000004
Nicaragua,2017,2159.161926
Nicaragua,2018,2014.5751890000001
Nicaragua,2019,1924.471816
Sudan,2015,2184.542236
Sudan,2016,2583.447266
Sudan,2017,3178.314209
Sudan,2018,773.5070801
Sudan,2019,755.3289795
India,2015,1605.605445
India,2016,1732.5542420000002
India,2017,1980.6670199999999
India,2018,1998.2590760000003
India,2019,2072.244897
IDA blend,2015,1972.1471530000001
IDA blend,2016,1861.940378
IDA blend,2017,1787.8015920000003
IDA blend,2018,1835.321807
IDA blend,2019,1852.219116
South Asia,2015,1543.048131
South Asia,2016,1696.739629
South Asia,2017,1911.3297539999999
South Asia,2018,1944.0066350000002
South Asia,2019,1987.5683399999998
South Asia (IDA & IBRD),2015,1543.048131
South Asia (IDA & IBRD),2016,1696.739629
South Asia (IDA & IBRD),2017,1911.3297539999999
South Asia (IDA & IBRD),2018,1944.0066350000002
South Asia (IDA & IBRD),2019,1987.5683399999998
Sao Tome and Principe,2015,1584.7756570000001
Sao Tome and Principe,2016,1700.0979969999999
Sao Tome and Principe,2017,1813.807434
Sao Tome and Principe,2018,1953.513257
Sao Tome and Principe,2019,1987.579702
Bangladesh,2015,1248.4533099999999
Bangladesh,2016,1678.95323
Bangladesh,2017,1839.583378
Bangladesh,2018,1991.483267
Bangladesh,2019,2154.226819
Fragile and conflict affected situations,2015,1884.473311
Fragile and conflict affected situations,2016,1709.943472
Fragile and conflict affected situations,2017,1754.8435559999998
Fragile and conflict affected situations,2018,1742.490898
Fragile and conflict affected situations,2019,1797.2094670000001
Africa Western and Central,2015,1894.322115
Africa Western and Central,2016,1673.843681
Africa Western and Central,2017,1613.490478
Africa Western and Central,2018,1704.135698
Africa Western and Central,2019,1777.8528219999998
Kenya,2015,1464.554009
Kenya,2016,1525.235192
Kenya,2017,1633.4912160000001
Kenya,2018,1794.091175
Kenya,2019,1909.3045370000002
Sub-Saharan Africa,2015,1692.6742940000001
Sub-Saharan Africa,2016,1538.2444169999999
Sub-Saharan Africa,2017,1622.982614
Sub-Saharan Africa,2018,1606.863419
Sub-Saharan Africa,2019,1618.920771
Sub-Saharan Africa (IDA & IBRD countries),2015,1692.6742940000001
Sub-Saharan Africa (IDA & IBRD countries),2016,1538.2444169999999
Sub-Saharan Africa (IDA & IBRD countries),2017,1622.982614
Sub-Saharan Africa (IDA & IBRD countries),2018,1606.863419
Sub-Saharan Africa (IDA & IBRD countries),2019,1618.920771
Sub-Saharan Africa (excluding high income),2015,1691.410566
Sub-Saharan Africa (excluding high income),2016,1536.929331
Sub-Saharan Africa (excluding high income),2017,1621.632341
Sub-Saharan Africa (excluding high income),2018,1605.490023
Sub-Saharan Africa (excluding high income),2019,1617.541932
Mauritania,2015,1524.073317
Mauritania,2016,1536.855615
Mauritania,2017,1587.858904
Mauritania,2018,1669.773476
Mauritania,2019,1743.3013170000002
Kiribati,2015,1535.162783
Kiribati,2016,1586.3449779999999
Kiribati,2017,1648.594957
Kiribati,2018,1693.950155
Kiribati,2019,1512.9527699999999
Pakistan,2015,1356.667831
Pakistan,2016,1540.184503
Pakistan,2017,1631.531909
Pakistan,2018,1678.04315
Pakistan,2019,1481.813864
Africa Eastern and Southern,2015,1556.3164689999999
Africa Eastern and Southern,2016,1446.533624
Africa Eastern and Southern,2017,1629.404273
Africa Eastern and Southern,2018,1541.031661
Africa Eastern and Southern,2019,1511.3092589999999
Cameroon,2015,1382.50979
Cameroon,2016,1413.255957
Cameroon,2017,1469.4475
Cameroon,2018,1585.240534
Cameroon,2019,1533.095688
Pre-demographic dividend,2015,1563.731184
Pre-demographic dividend,2016,1396.061296
Pre-demographic dividend,2017,1446.507196
Pre-demographic dividend,2018,1438.529516
Pre-demographic dividend,2019,1474.823822
Zambia,2015,1338.290927
Zambia,2016,1280.806543
Zambia,2017,1535.196574
Zambia,2018,1516.368371
Zambia,2019,1305.001031
Cambodia,2015,1162.9049949999999
Cambodia,2016,1269.591499
Cambodia,2017,1385.260066
Cambodia,2018,1512.126989
Cambodia,2019,1643.1213890000001
Haiti,2015,1386.8541910000001
Haiti,2016,1290.380508
Haiti,2017,1369.063734
Haiti,2018,1479.3458269999999
Haiti,2019,1312.770636
IDA total,2015,1342.999404
IDA total,2016,1342.9137779999999
IDA total,2017,1372.988159
IDA total,2018,1369.260457
IDA total,2019,1399.11567
Timor-Leste,2015,1332.791856
Timor-Leste,2016,1353.754934
Timor-Leste,2017,1299.494635
Timor-Leste,2018,1249.138351
Timor-Leste,2019,1583.7135759999999
Senegal,2015,1219.249415
Senegal,2016,1269.903294
Senegal,2017,1361.701972
Senegal,2018,1458.081584
Senegal,2019,1435.830367
Zimbabwe,2015,1445.069702
Zimbabwe,2016,1464.588957
Zimbabwe,2017,1235.189032
Zimbabwe,2018,1254.642265
Zimbabwe,2019,1316.740657
Comoros,2015,1242.585608
Comoros,2016,1273.050952
Comoros,2017,1323.8148429999999
Comoros,2018,1428.290463
Comoros,2019,1404.4331869999999
Kyrgyz Republic,2015,1121.082835
Kyrgyz Republic,2016,1120.6665130000001
Kyrgyz Republic,2017,1242.7696429999999
Kyrgyz Republic,2018,1308.140165
Kyrgyz Republic,2019,1374.032105
Myanmar,2015,1196.7433330000001
Myanmar,2016,1136.610627
Myanmar,2017,1151.114464
Myanmar,2018,1250.173685
Myanmar,2019,1271.111536
Benin,2015,1076.796698
Benin,2016,1087.287331
Benin,2017,1136.5938720000001
Benin,2018,1241.825298
Benin,2019,1219.515506
Lesotho,2015,1146.0646880000002
Lesotho,2016,1018.7848720000001
Lesotho,2017,1102.629728
Lesotho,2018,1192.48432
Lesotho,2019,1153.388058
South Sudan,2015,1119.651437
IDA only,2015,1024.886105
IDA only,2016,1080.258622
IDA only,2017,1162.9718289999998
IDA only,2018,1133.259641
IDA only,2019,1169.69953
Least developed countries: UN classification,2015,1009.424564
Least developed countries: UN classification,2016,1025.998979
Least developed countries: UN classification,2017,1119.4338109999999
Least developed countries: UN classification,2018,1077.493342
Least developed countries: UN classification,2019,1105.717065
"Yemen, Rep.",2015,1601.8071630000002
"Yemen, Rep.",2016,1152.738019
"Yemen, Rep.",2017,964.3403436000001
"Yemen, Rep.",2018,758.1459489
"Yemen, Rep.",2019,750.5545834
Nepal,2015,901.7496077
Nepal,2016,899.523581
Nepal,2017,1048.453755
Nepal,2018,1178.525957
Nepal,2019,1194.957236
Tanzania,2015,947.9333495999999
Tanzania,2016,966.5029906999999
Tanzania,2017,1004.906616
Tanzania,2018,1042.838745
Tanzania,2019,1085.884888
Heavily indebted poor countries (HIPC),2015,965.7695501000001
Heavily indebted poor countries (HIPC),2016,987.1093103000001
Heavily indebted poor countries (HIPC),2017,1065.40861
Heavily indebted poor countries (HIPC),2018,987.1739045
Heavily indebted poor countries (HIPC),2019,994.8982809
Syrian Arab Republic,2015,979.1444387
Syrian Arab Republic,2016,713.029204
Syrian Arab Republic,2017,955.836559
Syrian Arab Republic,2018,1265.60619
Tajikistan,2015,978.4049812000001
Tajikistan,2016,807.1025861
Tajikistan,2017,848.6723799
Tajikistan,2018,853.2188733999999
Tajikistan,2019,890.5444024
Guinea,2015,769.2554754
Guinea,2016,732.2915119
Guinea,2017,855.5752706000001
Guinea,2018,955.1112811
Guinea,2019,1052.588091
Mali,2015,751.4728892
Mali,2016,780.7235497
Mali,2017,830.0214445
Mali,2018,894.8048435000001
Mali,2019,879.0431675000001
Togo,2015,570.9099672
Togo,2016,803.1518934
Togo,2017,830.7452767000001
Togo,2018,901.5230169
Togo,2019,893.3524541000002
Uganda,2015,847.2676288999999
Uganda,2016,736.5598474
Uganda,2017,746.8307529
Uganda,2018,770.6007843
Uganda,2019,798.5857341
Rwanda,2015,751.1105054999999
Rwanda,2016,744.7943857999999
Rwanda,2017,772.2948846
Rwanda,2018,783.8127901
Rwanda,2019,820.1772392999999
Low income,2015,791.7100264
Low income,2016,764.7048854
Low income,2017,834.4908817
Low income,2018,699.4114352000001
Low income,2019,720.474279
Ethiopia,2015,640.5419231000001
Ethiopia,2016,717.1248697999999
Ethiopia,2017,768.5230154
Ethiopia,2018,771.5248663
Ethiopia,2019,855.7608852
Burkina Faso,2015,653.3272681
Burkina Faso,2016,688.2506963
Burkina Faso,2017,734.996268
Burkina Faso,2018,804.5005378
Burkina Faso,2019,796.1152068
Chad,2015,776.0197522999999
Chad,2016,693.4497673999999
Chad,2017,665.9488848999999
Chad,2018,726.1510071
Chad,2019,709.5400432
Liberia,2015,721.5810505
Liberia,2016,740.914906
Liberia,2017,721.085044
Liberia,2018,710.2659984000001
Liberia,2019,672.3404992000001
Guinea-Bissau,2015,603.3993815
Guinea-Bissau,2016,661.4578387
Guinea-Bissau,2017,738.5499449
Guinea-Bissau,2018,802.7673851
Guinea-Bissau,2019,749.453747
"Gambia, The",2015,660.7235712
"Gambia, The",2016,690.7804932
"Gambia, The",2017,679.7550717
"Gambia, The",2018,732.7207272999999
"Gambia, The",2019,772.5055883
Sierra Leone,2015,588.2288628
Sierra Leone,2016,501.4151655
Sierra Leone,2017,496.6822949
Sierra Leone,2018,533.9915333
Sierra Leone,2019,521.7548366999999
Niger,2015,484.1531374
Niger,2016,500.2149113
Niger,2017,517.7715723
Niger,2018,570.723922
Niger,2019,554.0993892999999
"Congo, Dem. Rep.",2015,497.3170391
"Congo, Dem. Rep.",2016,471.31882249999995
"Congo, Dem. Rep.",2017,467.0742317
"Congo, Dem. Rep.",2018,565.8295429
"Congo, Dem. Rep.",2019,596.5605701000001
Afghanistan,2015,556.0072209
Afghanistan,2016,512.0127781
Afghanistan,2017,516.6798622
Afghanistan,2018,485.6684187
Afghanistan,2019,494.1793499
Madagascar,2015,467.2354316000001
Madagascar,2016,475.9555568
Madagascar,2017,515.2933234
Madagascar,2018,518.4011230000001
Madagascar,2019,526.2245722
Mozambique,2015,589.8594314
Mozambique,2016,428.92645030000006
Mozambique,2017,461.4149278
Mozambique,2018,503.30200920000004
Mozambique,2019,506.81713909999996
Malawi,2015,380.5969877
Malawi,2016,315.7779871
Malawi,2017,506.13729440000003
Malawi,2018,544.5934593
Malawi,2019,591.8470837
Central African Republic,2015,377.42291769999997
Central African Republic,2016,402.1916451
Central African Republic,2017,450.900697
Central African Republic,2018,475.95381389999994
Central African Republic,2019,468.1175148
Somalia,2015,386.437817
Somalia,2016,389.8220615
Somalia,2017,384.4634014
Somalia,2018,389.8313955
Somalia,2019,419.3948077
Burundi,2015,305.5111441
Burundi,2016,251.6514772
Burundi,2017,250.5146007
Burundi,2018,238.0343096
Burundi,2019,223.86287569999996
